2026-05-26 09:23:00  INFO      main  ============================================================
2026-05-26 09:23:00  INFO      main    FastAPI Door Access System — starting up ...
2026-05-26 09:23:00  INFO      main  ============================================================
2026-05-26 09:23:00  INFO      database  [DB] Schema initialised.
2026-05-26 09:23:00  INFO      main  [System] Running network diagnostics for cameras...
2026-05-26 09:23:00  INFO      main  [Diag:Dev Exit] ✅ Camera network reachable (Port 554)
2026-05-26 09:23:00  INFO      main  [Diag:Dev Entrance] ✅ Camera network reachable (Port 554)
2026-05-26 09:23:00  INFO      main  [Diag:Kinfra Exit] ✅ Camera network reachable (Port 554)
2026-05-26 09:23:00  INFO      main  [Diag:Kinfra Entrance] ✅ Camera network reachable (Port 554)
2026-05-26 09:23:00  INFO      database  [DB] Fetching all embeddings from SQL...
2026-05-26 09:23:00  INFO      database  [DB] SQL returned 25 rows.
2026-05-26 09:23:00  INFO      processor  [Processor] Camera 'Kinfra Exit' DISABLED — skipping.
2026-05-26 09:23:00  INFO      processor  [Processor] Camera 'Kinfra Entrance' DISABLED — skipping.
2026-05-26 09:23:00  INFO      processor  [Processor] Initialised 2 active camera(s).
2026-05-26 09:23:00  INFO      main    Startup complete. API ready on http://0.0.0.0:8000
2026-05-26 09:23:00  INFO      processor  [Monitor:Dev Exit] Vision pipeline starting.
2026-05-26 09:23:00  INFO      processor  [RTSP:Dev Exit] Connecting... (retry delay=2.0s)
2026-05-26 09:23:00  INFO      processor  [RTSP:Dev Exit] Capture thread started (target=10 FPS).
2026-05-26 09:23:00  INFO      processor  [Monitor:Dev Entrance] Vision pipeline starting.
2026-05-26 09:23:00  INFO      processor  [RTSP:Dev Entrance] Connecting... (retry delay=2.0s)
2026-05-26 09:23:00  INFO      processor  [RTSP:Dev Entrance] Capture thread started (target=10 FPS).
2026-05-26 09:23:01  INFO      database  [DB] Purged audit records older than 7 days.
2026-05-26 09:23:02  INFO      processor  [RTSP:Dev Exit] Connected successfully.
2026-05-26 09:23:02  INFO      engine  [Engine] Loading Unified FaceAnalysis (640x640) on GPU (Accelerated)...
2026-05-26 09:23:02  INFO      engine  [Engine] Unified Engine Ready.
2026-05-26 09:23:03  INFO      processor  [RTSP:Dev Entrance] Connected successfully.
2026-05-26 09:23:33  INFO      processor  [Monitor:Dev Exit] Scene: 1 unknown face(s) detected.
2026-05-26 09:24:00  INFO      database  [DB] Starting periodic maintenance...
2026-05-26 09:24:00  INFO      database  [DB] Purged audit records older than 7 days.
2026-05-26 09:24:01  INFO      database  [DB] Maintenance complete. Access logs older than 2 days purged.
2026-05-26 09:24:30  INFO      processor  [Monitor:Dev Exit] Scene: 1 unknown face(s) detected.
2026-05-26 09:26:28  INFO      processor  [Monitor:Dev Exit] Scene: 1 unknown face(s) detected.
2026-05-26 09:28:57  INFO      processor  [Monitor:Dev Entrance] Scene: 1 unknown face(s) detected.
2026-05-26 09:29:01  INFO      processor  [Monitor:Dev Exit] Scene: 1 unknown face(s) detected.
2026-05-26 09:30:06  INFO      processor  [Monitor:Dev Entrance] Scene: 1 unknown face(s) detected.
2026-05-26 09:30:12  INFO      processor  [Monitor:Dev Exit] Scene: 1 unknown face(s) detected.
2026-05-26 09:32:37  INFO      processor  [Monitor:Dev Entrance] Scene: 1 face(s) | Known: manu
2026-05-26 09:32:37  INFO      processor  [Monitor:Dev Entrance] Scene: 1 face(s) | Known: manu
2026-05-26 09:32:37  INFO      processor  [Monitor:Dev Entrance] Scene: 1 face(s) | Known: manu
2026-05-26 09:32:37  INFO      processor  [Monitor:Dev Entrance] 🔒 Cooldown set for 'manu' — same=30s, others=10s
2026-05-26 09:32:38  INFO      processor  [Monitor:Dev Entrance] Scene: 1 face(s) | Known: manu
2026-05-26 09:32:38  INFO      processor  [Monitor:Dev Entrance] Scene: 1 unknown face(s) detected.
2026-05-26 09:32:39  INFO      httpx  HTTP Request: GET http://emplog.grapesonline.net/Employee/GetEmployeeDetails?RfID=0004813043 "HTTP/1.1 200 OK"
2026-05-26 09:32:39  INFO      engine  [RF-Check] http://emplog.grapesonline.net/Employee/GetEmployeeDetails → 200 {"status":200,"Data":[{"EmpID":130,"EmployeeName":"MANU VARGHESE","DoorStatus":"IN","Checkinstatus":"RdytoChkIn","ExitTy
2026-05-26 09:32:39  INFO      processor  [Monitor:Dev Entrance] ✅ ACCESS GRANTED: 'manu'
2026-05-26 09:32:40  INFO      engine  [Door-WS] Dev Entrance → WebSocket sent: OPEN_DOOR
2026-05-26 09:32:40  INFO      engine  [Engine] Wake-on-LAN magic packet sent to B4:2E:99:5A:8C:A2
2026-05-26 09:32:40  INFO      httpx  HTTP Request: POST http://emplog.grapesonline.net/Employee/LogEmployeeEntry?MacAddress=84:1F:E8:24:A0:5C&EmployeeID=130&Status=IN "HTTP/1.1 200 OK"
2026-05-26 09:32:41  INFO      httpx  HTTP Request: POST http://192.168.0.251:3596/api/User/SendTextToSpeaker?DeviceID=G-5889-6B1B-5AE0&Message=Good%20Morning%2C%20%2C%20%2C%20manu.%20A%20very%20warm%20welcome%20to%20you.%20Wishing%20you%20a%20productive%20and%20wonderful%20day.&VoiceOption=Microsoft%20Zira%20Desktop "HTTP/1.1 200 OK"
2026-05-26 09:32:41  INFO      engine  [Speaker-API] Sent: 'Good Morning, , , manu. A very warm welcome to you. Wishing you a productive and wonderful day.' (Device: G-5889-6B1B-5AE0) Status: 200
2026-05-26 09:32:42  INFO      processor  [Monitor:Dev Exit] Scene: 1 unknown face(s) detected.
2026-05-26 09:34:00  INFO      processor  [Monitor:Dev Entrance] Scene: 1 unknown face(s) detected.
2026-05-26 09:34:08  INFO      processor  [Monitor:Dev Entrance] Scene: 1 face(s) | Known: JAYAKRISHNA
2026-05-26 09:34:13  INFO      processor  [Monitor:Dev Exit] Scene: 1 unknown face(s) detected.
2026-05-26 09:35:18  INFO      processor  [Monitor:Dev Entrance] Scene: 1 unknown face(s) detected.
2026-05-26 09:35:18  INFO      processor  [Monitor:Dev Entrance] Scene: 1 face(s) | Known: AJITH C R
2026-05-26 09:35:18  INFO      processor  [Monitor:Dev Entrance] Scene: 1 face(s) | Known: AJITH C R
2026-05-26 09:35:18  INFO      processor  [Monitor:Dev Entrance] Scene: 1 face(s) | Known: AJITH C R
2026-05-26 09:35:18  INFO      processor  [Monitor:Dev Entrance] 🔒 Cooldown set for 'AJITH C R' — same=30s, others=10s
2026-05-26 09:35:18  INFO      processor  [Monitor:Dev Entrance] Scene: 1 face(s) | Known: AJITH C R
2026-05-26 09:35:18  INFO      processor  [Monitor:Dev Entrance] Scene: 1 face(s) | Known: AJITH C R
2026-05-26 09:35:18  INFO      processor  [Monitor:Dev Entrance] Scene: 1 face(s) | Known: AJITH C R
2026-05-26 09:35:19  INFO      processor  [Monitor:Dev Entrance] Scene: 1 face(s) | Known: AJITH C R
2026-05-26 09:35:19  INFO      httpx  HTTP Request: GET http://emplog.grapesonline.net/Employee/GetEmployeeDetails?RfID=0003311288 "HTTP/1.1 200 OK"
2026-05-26 09:35:19  INFO      engine  [RF-Check] http://emplog.grapesonline.net/Employee/GetEmployeeDetails → 200 {"status":200,"Data":[{"EmpID":2,"EmployeeName":"AJITH C R ","DoorStatus":"OUT","Checkinstatus":"RdytoChkIn","ExitType":
2026-05-26 09:35:19  INFO      processor  [Monitor:Dev Entrance] ✅ ACCESS GRANTED: 'AJITH C R'
2026-05-26 09:35:19  INFO      processor  [Monitor:Dev Entrance] Scene: 1 face(s) | Known: AJITH C R
2026-05-26 09:35:19  INFO      httpx  HTTP Request: POST http://192.168.0.251:3596/api/User/SendTextToSpeaker?DeviceID=G-5889-6B1B-5AE0&Message=Good%20to%20see%20you%2C%20%2C%20%2C%20AJITH%20C%20R.%20We%20hope%20you%20have%20a%20successful%20and%20pleasant%20day%20today.&VoiceOption=Microsoft%20Zira%20Desktop "HTTP/1.1 200 OK"
2026-05-26 09:35:19  INFO      engine  [Speaker-API] Sent: 'Good to see you, , , AJITH C R. We hope you have a successful and pleasant day today.' (Device: G-5889-6B1B-5AE0) Status: 200
2026-05-26 09:35:19  INFO      engine  [Door-WS] Dev Entrance → WebSocket sent: OPEN_DOOR
2026-05-26 09:35:19  INFO      processor  [Monitor:Dev Entrance] Scene: 1 face(s) | Known: AJITH C R
2026-05-26 09:35:19  INFO      processor  [Monitor:Dev Entrance] Scene: 1 face(s) | Known: AJITH C R
2026-05-26 09:35:19  INFO      processor  [Monitor:Dev Entrance] Scene: 1 face(s) | Known: AJITH C R
2026-05-26 09:35:19  INFO      processor  [Monitor:Dev Entrance] Scene: 1 face(s) | Known: AJITH C R
2026-05-26 09:35:19  INFO      processor  [Monitor:Dev Entrance] Scene: 1 face(s) | Known: AJITH C R
2026-05-26 09:35:19  INFO      processor  [Monitor:Dev Entrance] Scene: 1 face(s) | Known: AJITH C R
2026-05-26 09:35:19  INFO      httpx  HTTP Request: POST http://emplog.grapesonline.net/Employee/LogEmployeeEntry?MacAddress=84:1F:E8:24:A0:5C&EmployeeID=2&Status=IN "HTTP/1.1 200 OK"
2026-05-26 09:35:19  INFO      processor  [Monitor:Dev Entrance] Scene: 1 face(s) | Known: AJITH C R
2026-05-26 09:35:20  INFO      processor  [Monitor:Dev Entrance] Scene: 1 face(s) | Known: AJITH C R
2026-05-26 09:35:20  INFO      processor  [Monitor:Dev Entrance] Scene: 1 face(s) | Known: AJITH C R
2026-05-26 09:35:22  INFO      processor  [Monitor:Dev Exit] Scene: 1 unknown face(s) detected.
2026-05-26 09:36:08  INFO      processor  [Monitor:Dev Entrance] Scene: 1 unknown face(s) detected.
2026-05-26 09:37:15  INFO      processor  [Monitor:Dev Entrance] Scene: 1 unknown face(s) detected.
2026-05-26 09:37:24  INFO      processor  [Monitor:Dev Exit] Scene: 1 unknown face(s) detected.
2026-05-26 09:38:46  INFO      processor  [Monitor:Dev Exit] Scene: 1 unknown face(s) detected.
2026-05-26 09:38:46  INFO      main    Shutdown initiated ...
2026-05-26 09:38:46  INFO      processor  [RTSP:Dev Exit] Capture thread stopped.
2026-05-26 09:38:46  INFO      processor  [RTSP:Dev Entrance] Capture thread stopped.
2026-05-26 09:38:46  INFO      processor  [Processor] All camera monitors stopped.
2026-05-26 09:38:50  INFO      main  ============================================================
2026-05-26 09:38:50  INFO      main    FastAPI Door Access System — starting up ...
2026-05-26 09:38:50  INFO      main  ============================================================
2026-05-26 09:38:51  INFO      database  [DB] Schema initialised.
2026-05-26 09:38:51  INFO      main  [System] Running network diagnostics for cameras...
2026-05-26 09:38:51  INFO      main  [Diag:Dev Exit] ✅ Camera network reachable (Port 554)
2026-05-26 09:38:51  INFO      main  [Diag:Dev Entrance] ✅ Camera network reachable (Port 554)
2026-05-26 09:38:51  INFO      main  [Diag:Kinfra Exit] ✅ Camera network reachable (Port 554)
2026-05-26 09:38:51  INFO      main  [Diag:Kinfra Entrance] ✅ Camera network reachable (Port 554)
2026-05-26 09:38:51  INFO      database  [DB] Fetching all embeddings from SQL...
2026-05-26 09:38:51  INFO      database  [DB] SQL returned 25 rows.
2026-05-26 09:38:51  INFO      processor  [Processor] Camera 'Kinfra Exit' DISABLED — skipping.
2026-05-26 09:38:51  INFO      processor  [Processor] Camera 'Kinfra Entrance' DISABLED — skipping.
2026-05-26 09:38:51  INFO      processor  [Processor] Initialised 2 active camera(s).
2026-05-26 09:38:51  INFO      main    Startup complete. API ready on http://0.0.0.0:8000
2026-05-26 09:38:51  INFO      processor  [Monitor:Dev Exit] Vision pipeline starting.
2026-05-26 09:38:51  INFO      processor  [RTSP:Dev Exit] Connecting... (retry delay=2.0s)
2026-05-26 09:38:51  INFO      processor  [RTSP:Dev Exit] Capture thread started (target=10 FPS).
2026-05-26 09:38:51  INFO      processor  [Monitor:Dev Entrance] Vision pipeline starting.
2026-05-26 09:38:51  INFO      processor  [RTSP:Dev Entrance] Connecting... (retry delay=2.0s)
2026-05-26 09:38:51  INFO      processor  [RTSP:Dev Entrance] Capture thread started (target=10 FPS).
2026-05-26 09:38:51  INFO      database  [DB] Purged audit records older than 7 days.
2026-05-26 09:38:52  INFO      processor  [RTSP:Dev Exit] Connected successfully.
2026-05-26 09:38:52  INFO      engine  [Engine] Loading Unified FaceAnalysis (640x640) on GPU (Accelerated)...
2026-05-26 09:38:52  INFO      engine  [Engine] Unified Engine Ready.
2026-05-26 09:38:53  INFO      processor  [RTSP:Dev Entrance] Connected successfully.
2026-05-26 09:39:18  INFO      main    Shutdown initiated ...
2026-05-26 09:39:18  INFO      processor  [RTSP:Dev Exit] Capture thread stopped.
2026-05-26 09:39:18  INFO      processor  [RTSP:Dev Entrance] Capture thread stopped.
2026-05-26 09:39:18  INFO      processor  [Processor] All camera monitors stopped.
2026-05-26 09:39:20  INFO      main  ============================================================
2026-05-26 09:39:20  INFO      main    FastAPI Door Access System — starting up ...
2026-05-26 09:39:20  INFO      main  ============================================================
2026-05-26 09:39:20  INFO      database  [DB] Schema initialised.
2026-05-26 09:39:20  INFO      main  [System] Running network diagnostics for cameras...
2026-05-26 09:39:20  INFO      main  [Diag:Dev Exit] ✅ Camera network reachable (Port 554)
2026-05-26 09:39:20  INFO      main  [Diag:Dev Entrance] ✅ Camera network reachable (Port 554)
2026-05-26 09:39:20  INFO      main  [Diag:Kinfra Exit] ✅ Camera network reachable (Port 554)
2026-05-26 09:39:20  INFO      main  [Diag:Kinfra Entrance] ✅ Camera network reachable (Port 554)
2026-05-26 09:39:20  INFO      database  [DB] Fetching all embeddings from SQL...
2026-05-26 09:39:20  INFO      database  [DB] SQL returned 25 rows.
2026-05-26 09:39:20  INFO      processor  [Processor] Camera 'Kinfra Exit' DISABLED — skipping.
2026-05-26 09:39:20  INFO      processor  [Processor] Camera 'Kinfra Entrance' DISABLED — skipping.
2026-05-26 09:39:20  INFO      processor  [Processor] Initialised 2 active camera(s).
2026-05-26 09:39:20  INFO      main    Startup complete. API ready on http://0.0.0.0:8000
2026-05-26 09:39:20  INFO      processor  [Monitor:Dev Exit] Vision pipeline starting.
2026-05-26 09:39:20  INFO      processor  [RTSP:Dev Exit] Connecting... (retry delay=2.0s)
2026-05-26 09:39:20  INFO      processor  [RTSP:Dev Exit] Capture thread started (target=10 FPS).
2026-05-26 09:39:20  INFO      processor  [Monitor:Dev Entrance] Vision pipeline starting.
2026-05-26 09:39:20  INFO      processor  [RTSP:Dev Entrance] Connecting... (retry delay=2.0s)
2026-05-26 09:39:20  INFO      processor  [RTSP:Dev Entrance] Capture thread started (target=10 FPS).
2026-05-26 09:39:20  INFO      database  [DB] Purged audit records older than 7 days.
2026-05-26 09:39:21  INFO      processor  [RTSP:Dev Exit] Connected successfully.
2026-05-26 09:39:21  INFO      engine  [Engine] Loading Unified FaceAnalysis (640x640) on GPU (Accelerated)...
2026-05-26 09:39:21  INFO      engine  [Engine] Unified Engine Ready.
2026-05-26 09:39:23  INFO      processor  [RTSP:Dev Entrance] Connected successfully.
2026-05-26 09:39:47  INFO      processor  [Monitor:Dev Entrance] Scene: 1 face(s) | Known: MANUPRASAD
2026-05-26 09:39:48  INFO      processor  [Monitor:Dev Entrance] Scene: 1 unknown face(s) detected.
2026-05-26 09:39:51  INFO      processor  [Monitor:Dev Exit] Scene: 1 unknown face(s) detected.
2026-05-26 09:40:20  INFO      database  [DB] Starting periodic maintenance...
2026-05-26 09:40:20  INFO      database  [DB] Purged audit records older than 7 days.
2026-05-26 09:40:20  INFO      database  [DB] Maintenance complete. Access logs older than 2 days purged.
2026-05-26 09:44:36  INFO      processor  [Monitor:Dev Entrance] Scene: 1 unknown face(s) detected.
2026-05-26 09:44:41  INFO      processor  [Monitor:Dev Exit] Scene: 1 unknown face(s) detected.
2026-05-26 09:46:21  INFO      processor  [Monitor:Dev Exit] Scene: 1 unknown face(s) detected.
2026-05-26 09:47:57  INFO      processor  [Monitor:Dev Entrance] Scene: 1 unknown face(s) detected.
2026-05-26 09:48:05  INFO      processor  [Monitor:Dev Exit] Scene: 1 unknown face(s) detected.
2026-05-26 09:55:35  INFO      processor  [Monitor:Dev Exit] Scene: 1 unknown face(s) detected.
2026-05-26 09:59:57  INFO      processor  [Monitor:Dev Exit] Scene: 1 unknown face(s) detected.
2026-05-26 09:59:58  INFO      processor  [Monitor:Dev Exit] Scene: 1 face(s) | Known: SIJIN
2026-05-26 10:00:04  INFO      processor  [Monitor:Dev Entrance] Scene: 1 unknown face(s) detected.
2026-05-26 10:00:05  INFO      processor  [Monitor:Dev Entrance] Scene: 1 face(s) | Known: MANUPRASAD
2026-05-26 10:00:50  INFO      processor  [Monitor:Dev Entrance] Scene: 1 unknown face(s) detected.
2026-05-26 10:00:50  INFO      processor  [Monitor:Dev Entrance] Scene: 1 face(s) | Known: SIJIN
2026-05-26 10:00:54  INFO      processor  [Monitor:Dev Exit] Scene: 1 unknown face(s) detected.
2026-05-26 10:02:05  INFO      processor  [Monitor:Dev Exit] Scene: 1 unknown face(s) detected.
2026-05-26 10:02:07  INFO      processor  [Monitor:Dev Exit] Scene: 1 face(s) | Known: BUHARI
2026-05-26 10:02:08  INFO      processor  [Monitor:Dev Exit] Scene: 1 face(s) | Known: BUHARI
2026-05-26 10:02:08  INFO      processor  [Monitor:Dev Exit] Scene: 1 face(s) | Known: BUHARI
2026-05-26 10:02:08  INFO      processor  [Monitor:Dev Exit] 🔒 Cooldown set for 'BUHARI' — same=30s, others=10s
2026-05-26 10:02:08  INFO      processor  [Monitor:Dev Exit] Scene: 1 face(s) | Known: BUHARI
2026-05-26 10:02:08  INFO      processor  [Monitor:Dev Exit] Scene: 1 face(s) | Known: BUHARI
2026-05-26 10:02:08  INFO      processor  [Monitor:Dev Exit] Scene: 1 face(s) | Known: BUHARI
2026-05-26 10:02:08  INFO      processor  [Monitor:Dev Exit] Scene: 1 face(s) | Known: BUHARI
2026-05-26 10:02:08  INFO      processor  [Monitor:Dev Exit] Scene: 1 face(s) | Known: BUHARI
2026-05-26 10:02:09  INFO      processor  [Monitor:Dev Exit] Scene: 1 face(s) | Known: BUHARI
2026-05-26 10:02:09  INFO      processor  [Monitor:Dev Exit] Scene: 1 face(s) | Known: BUHARI
2026-05-26 10:02:09  INFO      processor  [Monitor:Dev Exit] Scene: 1 face(s) | Known: BUHARI
2026-05-26 10:02:09  INFO      processor  [Monitor:Dev Exit] Scene: 1 face(s) | Known: BUHARI
2026-05-26 10:02:09  INFO      processor  [Monitor:Dev Exit] Scene: 1 face(s) | Known: BUHARI
2026-05-26 10:02:09  INFO      processor  [Monitor:Dev Exit] Scene: 1 face(s) | Known: BUHARI
2026-05-26 10:02:09  INFO      processor  [Monitor:Dev Exit] Scene: 1 face(s) | Known: BUHARI
2026-05-26 10:02:10  INFO      httpx  HTTP Request: GET http://emplog.grapesonline.net/Employee/GetEmployeeDetails?RfID=0008779049 "HTTP/1.1 200 OK"
2026-05-26 10:02:10  INFO      engine  [RF-Check] http://emplog.grapesonline.net/Employee/GetEmployeeDetails → 200 {"status":200,"Data":[{"EmpID":20200,"EmployeeName":"BUHARI K ","DoorStatus":"IN","Checkinstatus":"RdytoChkIn","ExitType
2026-05-26 10:02:10  INFO      processor  [Monitor:Dev Exit] ✅ ACCESS GRANTED: 'BUHARI'
2026-05-26 10:02:10  INFO      engine  [Door-WS] Dev Exit → WebSocket sent: OPEN_DOOR
2026-05-26 10:02:10  INFO      httpx  HTTP Request: POST http://emplog.grapesonline.net/Employee/LogEmployeeEntry?MacAddress=84:1F:E8:24:A0:5C&EmployeeID=20200&Status=OUT "HTTP/1.1 200 OK"
2026-05-26 10:02:11  INFO      httpx  HTTP Request: POST http://192.168.0.251:3596/api/User/SendTextToSpeaker?DeviceID=G-5889-6B1B-5AE0&Message=Goodbye%2C%20%2C%20%2C%20BUHARI.%20Have%20a%20safe%20journey%20home%20and%20see%20you%20again%20soon.&VoiceOption=Microsoft%20Zira%20Desktop "HTTP/1.1 200 OK"
2026-05-26 10:02:11  INFO      engine  [Speaker-API] Sent: 'Goodbye, , , BUHARI. Have a safe journey home and see you again soon.' (Device: G-5889-6B1B-5AE0) Status: 200
2026-05-26 10:02:16  INFO      processor  [Monitor:Dev Entrance] Scene: 1 unknown face(s) detected.
2026-05-26 10:04:05  INFO      processor  [Monitor:Dev Exit] Scene: 1 unknown face(s) detected.
2026-05-26 10:04:51  INFO      processor  [Monitor:Dev Exit] Scene: 1 unknown face(s) detected.
2026-05-26 10:05:54  INFO      processor  [Monitor:Dev Exit] Scene: 1 unknown face(s) detected.
2026-05-26 10:07:27  INFO      processor  [Monitor:Dev Entrance] Scene: 1 unknown face(s) detected.
2026-05-26 10:08:59  INFO      processor  [Monitor:Dev Exit] Scene: 1 unknown face(s) detected.
2026-05-26 10:09:01  INFO      processor  [Monitor:Dev Exit] Scene: 1 face(s) | Known: AJITH C R
2026-05-26 10:09:01  INFO      processor  [Monitor:Dev Exit] Scene: 1 face(s) | Known: AJITH C R
2026-05-26 10:09:01  INFO      processor  [Monitor:Dev Exit] Scene: 1 face(s) | Known: AJITH C R
2026-05-26 10:09:01  INFO      processor  [Monitor:Dev Exit] 🔒 Cooldown set for 'AJITH C R' — same=30s, others=10s
2026-05-26 10:09:01  INFO      processor  [Monitor:Dev Exit] Scene: 1 face(s) | Known: AJITH C R
2026-05-26 10:09:01  INFO      processor  [Monitor:Dev Exit] Scene: 1 face(s) | Known: AJITH C R
2026-05-26 10:09:02  INFO      processor  [Monitor:Dev Exit] Scene: 1 face(s) | Known: AJITH C R
2026-05-26 10:09:02  INFO      processor  [Monitor:Dev Exit] Scene: 1 face(s) | Known: AJITH C R
2026-05-26 10:09:02  INFO      processor  [Monitor:Dev Exit] Scene: 1 face(s) | Known: AJITH C R
2026-05-26 10:09:02  INFO      httpx  HTTP Request: GET http://emplog.grapesonline.net/Employee/GetEmployeeDetails?RfID=0003311288 "HTTP/1.1 200 OK"
2026-05-26 10:09:02  INFO      engine  [RF-Check] http://emplog.grapesonline.net/Employee/GetEmployeeDetails → 200 {"status":200,"Data":[{"EmpID":2,"EmployeeName":"AJITH C R ","DoorStatus":"IN","Checkinstatus":"RdytoChkIn","ExitType":n
2026-05-26 10:09:02  INFO      processor  [Monitor:Dev Exit] Scene: 1 face(s) | Known: AJITH C R
2026-05-26 10:09:02  INFO      processor  [Monitor:Dev Exit] ✅ ACCESS GRANTED: 'AJITH C R'
2026-05-26 10:09:02  INFO      processor  [Monitor:Dev Exit] Scene: 1 face(s) | Known: AJITH C R
2026-05-26 10:09:02  INFO      httpx  HTTP Request: POST http://192.168.0.251:3596/api/User/SendTextToSpeaker?DeviceID=G-5889-6B1B-5AE0&Message=Thank%20you%20for%20your%20visit%2C%20%2C%20%2C%20AJITH%20C%20R.%20We%20hope%20you%20have%20a%20peaceful%20and%20relaxing%20rest%20of%20your%20day.&VoiceOption=Microsoft%20Zira%20Desktop "HTTP/1.1 200 OK"
2026-05-26 10:09:02  INFO      engine  [Speaker-API] Sent: 'Thank you for your visit, , , AJITH C R. We hope you have a peaceful and relaxing rest of your day.' (Device: G-5889-6B1B-5AE0) Status: 200
2026-05-26 10:09:02  INFO      engine  [Door-WS] Dev Exit → WebSocket sent: OPEN_DOOR
2026-05-26 10:09:02  INFO      processor  [Monitor:Dev Exit] Scene: 1 face(s) | Known: AJITH C R
2026-05-26 10:09:02  INFO      processor  [Monitor:Dev Exit] Scene: 1 face(s) | Known: AJITH C R
2026-05-26 10:09:02  INFO      processor  [Monitor:Dev Exit] Scene: 1 face(s) | Known: AJITH C R
2026-05-26 10:09:02  INFO      processor  [Monitor:Dev Exit] Scene: 1 face(s) | Known: AJITH C R
2026-05-26 10:09:03  INFO      processor  [Monitor:Dev Exit] Scene: 1 face(s) | Known: AJITH C R
2026-05-26 10:09:03  INFO      processor  [Monitor:Dev Exit] Scene: 1 face(s) | Known: AJITH C R
2026-05-26 10:09:03  INFO      httpx  HTTP Request: POST http://emplog.grapesonline.net/Employee/LogEmployeeEntry?MacAddress=84:1F:E8:24:A0:5C&EmployeeID=2&Status=OUT "HTTP/1.1 200 OK"
2026-05-26 10:09:03  INFO      processor  [Monitor:Dev Exit] Scene: 1 face(s) | Known: AJITH C R
2026-05-26 10:09:03  INFO      processor  [Monitor:Dev Exit] Scene: 1 face(s) | Known: AJITH C R
2026-05-26 10:09:03  INFO      processor  [Monitor:Dev Exit] Scene: 1 face(s) | Known: AJITH C R
2026-05-26 10:09:03  INFO      processor  [Monitor:Dev Exit] Scene: 1 face(s) | Known: AJITH C R
2026-05-26 10:09:03  INFO      processor  [Monitor:Dev Exit] Scene: 1 face(s) | Known: AJITH C R
2026-05-26 10:09:03  INFO      processor  [Monitor:Dev Exit] Scene: 1 face(s) | Known: AJITH C R
2026-05-26 10:09:03  INFO      processor  [Monitor:Dev Exit] Scene: 1 face(s) | Known: AJITH C R
2026-05-26 10:09:04  INFO      processor  [Monitor:Dev Exit] Scene: 1 face(s) | Known: AJITH C R
2026-05-26 10:09:04  INFO      processor  [Monitor:Dev Exit] Scene: 1 face(s) | Known: AJITH C R
2026-05-26 10:09:04  INFO      processor  [Monitor:Dev Exit] Scene: 1 face(s) | Known: AJITH C R
2026-05-26 10:09:04  INFO      processor  [Monitor:Dev Exit] Scene: 1 face(s) | Known: AJITH C R
2026-05-26 10:09:04  INFO      processor  [Monitor:Dev Exit] Scene: 1 face(s) | Known: AJITH C R
2026-05-26 10:09:04  INFO      processor  [Monitor:Dev Exit] Scene: 1 face(s) | Known: AJITH C R
2026-05-26 10:09:08  INFO      processor  [Monitor:Dev Entrance] Scene: 1 unknown face(s) detected.
2026-05-26 10:10:25  INFO      processor  [Monitor:Dev Exit] Scene: 1 unknown face(s) detected.
2026-05-26 10:11:53  INFO      main    Shutdown initiated ...
2026-05-26 10:11:53  INFO      processor  [RTSP:Dev Exit] Capture thread stopped.
2026-05-26 10:11:53  INFO      processor  [RTSP:Dev Entrance] Capture thread stopped.
2026-05-26 10:11:53  INFO      processor  [Processor] All camera monitors stopped.
2026-05-26 10:11:56  INFO      main  ============================================================
2026-05-26 10:11:56  INFO      main    FastAPI Door Access System — starting up ...
2026-05-26 10:11:56  INFO      main  ============================================================
2026-05-26 10:11:56  INFO      database  [DB] Schema initialised.
2026-05-26 10:11:56  INFO      main  [System] Running network diagnostics for cameras...
2026-05-26 10:11:56  INFO      main  [Diag:Dev Exit] ✅ Camera network reachable (Port 554)
2026-05-26 10:11:56  INFO      main  [Diag:Dev Entrance] ✅ Camera network reachable (Port 554)
2026-05-26 10:11:56  INFO      main  [Diag:Kinfra Exit] ✅ Camera network reachable (Port 554)
2026-05-26 10:11:56  INFO      main  [Diag:Kinfra Entrance] ✅ Camera network reachable (Port 554)
2026-05-26 10:11:56  INFO      database  [DB] Fetching all embeddings from SQL...
2026-05-26 10:11:56  INFO      database  [DB] SQL returned 25 rows.
2026-05-26 10:11:56  INFO      processor  [Processor] Camera 'Kinfra Exit' DISABLED — skipping.
2026-05-26 10:11:56  INFO      processor  [Processor] Camera 'Kinfra Entrance' DISABLED — skipping.
2026-05-26 10:11:56  INFO      processor  [Processor] Initialised 2 active camera(s).
2026-05-26 10:11:56  INFO      main    Startup complete. API ready on http://0.0.0.0:8000
2026-05-26 10:11:56  INFO      processor  [Monitor:Dev Exit] Vision pipeline starting.
2026-05-26 10:11:56  INFO      processor  [RTSP:Dev Exit] Connecting... (retry delay=2.0s)
2026-05-26 10:11:56  INFO      processor  [RTSP:Dev Exit] Capture thread started (target=10 FPS).
2026-05-26 10:11:56  INFO      processor  [Monitor:Dev Entrance] Vision pipeline starting.
2026-05-26 10:11:56  INFO      processor  [RTSP:Dev Entrance] Connecting... (retry delay=2.0s)
2026-05-26 10:11:56  INFO      processor  [RTSP:Dev Entrance] Capture thread started (target=10 FPS).
2026-05-26 10:11:57  INFO      database  [DB] Purged audit records older than 7 days.
2026-05-26 10:11:58  INFO      processor  [RTSP:Dev Exit] Connected successfully.
2026-05-26 10:11:58  INFO      engine  [Engine] Loading Unified FaceAnalysis (640x640) on GPU (Accelerated)...
2026-05-26 10:11:58  INFO      engine  [Engine] Unified Engine Ready.
2026-05-26 10:11:59  INFO      processor  [RTSP:Dev Entrance] Connected successfully.
2026-05-26 10:12:56  INFO      database  [DB] Starting periodic maintenance...
2026-05-26 10:12:57  INFO      database  [DB] Purged audit records older than 7 days.
2026-05-26 10:12:57  INFO      database  [DB] Maintenance complete. Access logs older than 2 days purged.
2026-05-26 10:13:20  INFO      processor  [Monitor:Dev Entrance] Scene: 1 unknown face(s) detected.
2026-05-26 10:13:27  INFO      processor  [Monitor:Dev Exit] Scene: 1 unknown face(s) detected.
2026-05-26 10:17:04  INFO      processor  [Monitor:Dev Entrance] Scene: 1 unknown face(s) detected.
2026-05-26 10:17:09  INFO      processor  [Monitor:Dev Exit] Scene: 1 unknown face(s) detected.
2026-05-26 10:17:18  INFO      processor  [Monitor:Dev Entrance] Scene: 1 face(s) | Known: AJITH JOSEPH
2026-05-26 10:17:53  INFO      processor  [Monitor:Dev Exit] Scene: 1 unknown face(s) detected.
2026-05-26 10:18:09  INFO      processor  [Monitor:Dev Entrance] Scene: 1 unknown face(s) detected.
2026-05-26 10:19:47  INFO      processor  [Monitor:Dev Exit] Scene: 1 unknown face(s) detected.
2026-05-26 10:25:01  INFO      processor  [Monitor:Dev Exit] Scene: 1 unknown face(s) detected.
2026-05-26 10:25:10  INFO      processor  [Monitor:Dev Exit] Scene: 1 face(s) | Known: JAYAKRISHNA
2026-05-26 10:25:10  INFO      processor  [Monitor:Dev Exit] Scene: 1 face(s) | Known: JAYAKRISHNA
2026-05-26 10:25:39  INFO      processor  [Monitor:Dev Exit] Scene: 1 unknown face(s) detected.
2026-05-26 10:27:04  INFO      processor  [Monitor:Dev Exit] Scene: 1 unknown face(s) detected.
2026-05-26 10:28:10  INFO      processor  [Monitor:Dev Entrance] Scene: 1 unknown face(s) detected.
2026-05-26 10:28:12  INFO      processor  [Monitor:Dev Entrance] Scene: 1 face(s) | Known: JAYAKRISHNA
2026-05-26 10:28:12  INFO      processor  [Monitor:Dev Entrance] Scene: 1 face(s) | Known: JAYAKRISHNA
2026-05-26 10:28:22  INFO      processor  [Monitor:Dev Exit] Scene: 1 unknown face(s) detected.
2026-05-26 10:42:41  INFO      processor  [Monitor:Dev Exit] Scene: 1 unknown face(s) detected.
2026-05-26 10:43:40  INFO      processor  [Monitor:Dev Exit] Scene: 1 unknown face(s) detected.
2026-05-26 10:43:42  INFO      processor  [Monitor:Dev Exit] Scene: 1 face(s) | Known: MANUPRASAD
2026-05-26 10:45:14  INFO      processor  [Monitor:Dev Entrance] Scene: 1 unknown face(s) detected.
2026-05-26 10:45:24  INFO      processor  [Monitor:Dev Entrance] Scene: 1 face(s) | Known: MANUPRASAD
2026-05-26 10:45:25  INFO      processor  [Monitor:Dev Entrance] Scene: 1 face(s) | Known: MANUPRASAD
2026-05-26 10:45:25  INFO      processor  [Monitor:Dev Exit] Scene: 1 unknown face(s) detected.
2026-05-26 10:47:52  INFO      processor  [Monitor:Dev Exit] Scene: 1 unknown face(s) detected.
2026-05-26 10:49:28  INFO      processor  [Monitor:Dev Exit] Scene: 1 unknown face(s) detected.
2026-05-26 10:50:45  INFO      processor  [Monitor:Dev Exit] Scene: 1 unknown face(s) detected.
2026-05-26 10:50:47  INFO      processor  [Monitor:Dev Exit] Scene: 1 face(s) | Known: MANUPRASAD
2026-05-26 10:50:47  INFO      processor  [Monitor:Dev Exit] Scene: 1 face(s) | Known: MANUPRASAD
2026-05-26 10:51:37  INFO      processor  [Monitor:Dev Exit] Scene: 1 unknown face(s) detected.
2026-05-26 10:52:22  INFO      processor  [Monitor:Dev Entrance] Scene: 1 unknown face(s) detected.
2026-05-26 10:52:26  INFO      processor  [Monitor:Dev Exit] Scene: 1 unknown face(s) detected.
2026-05-26 10:54:33  INFO      processor  [Monitor:Dev Entrance] Scene: 1 unknown face(s) detected.
2026-05-26 10:54:35  INFO      processor  [Monitor:Dev Entrance] Scene: 1 face(s) | Known: MANUPRASAD
2026-05-26 10:54:39  INFO      processor  [Monitor:Dev Exit] Scene: 1 unknown face(s) detected.
2026-05-26 10:55:55  INFO      processor  [Monitor:Dev Exit] Scene: 1 unknown face(s) detected.
2026-05-26 10:55:56  INFO      processor  [Monitor:Dev Exit] Scene: 2 face(s) | Known: MANUPRASAD
2026-05-26 10:55:56  INFO      processor  [Monitor:Dev Exit] Scene: 2 face(s) | Known: manu, MANUPRASAD
2026-05-26 10:55:57  INFO      processor  [Monitor:Dev Exit] Scene: 2 face(s) | Known: MANUPRASAD
2026-05-26 10:55:58  INFO      processor  [Monitor:Dev Exit] Scene: 2 face(s) | Known: MANUPRASAD
2026-05-26 10:56:04  INFO      processor  [Monitor:Dev Exit] Scene: 1 face(s) | Known: manu
2026-05-26 10:56:04  INFO      processor  [Monitor:Dev Exit] Scene: 1 face(s) | Known: manu
2026-05-26 10:56:04  INFO      processor  [Monitor:Dev Exit] Scene: 1 face(s) | Known: manu
2026-05-26 10:56:04  INFO      processor  [Monitor:Dev Exit] 🔒 Cooldown set for 'manu' — same=30s, others=10s
2026-05-26 10:56:04  INFO      processor  [Monitor:Dev Exit] Scene: 1 face(s) | Known: manu
2026-05-26 10:56:06  INFO      httpx  HTTP Request: GET http://emplog.grapesonline.net/Employee/GetEmployeeDetails?RfID=0004813043 "HTTP/1.1 200 OK"
2026-05-26 10:56:06  INFO      engine  [RF-Check] http://emplog.grapesonline.net/Employee/GetEmployeeDetails → 200 {"status":200,"Data":[{"EmpID":130,"EmployeeName":"MANU VARGHESE","DoorStatus":"OUT","Checkinstatus":"OUT","ExitType":"T
2026-05-26 10:56:06  INFO      processor  [Monitor:Dev Exit] ✅ ACCESS GRANTED: 'manu'
2026-05-26 10:56:06  INFO      engine  [Door-WS] Dev Exit → WebSocket sent: OPEN_DOOR
2026-05-26 10:56:06  INFO      engine  [Engine] Lock signal sent to 192.168.1.108
2026-05-26 10:56:06  INFO      httpx  HTTP Request: POST http://192.168.0.251:3596/api/User/SendTextToSpeaker?DeviceID=G-5889-6B1B-5AE0&Message=Enjoy%20your%20tea%20break%2C%20%2C%20%2C%20manu.%20See%20you%20back%20in%20a%20moment.&VoiceOption=Microsoft%20Zira%20Desktop "HTTP/1.1 200 OK"
2026-05-26 10:56:06  INFO      engine  [Speaker-API] Sent: 'Enjoy your tea break, , , manu. See you back in a moment.' (Device: G-5889-6B1B-5AE0) Status: 200
2026-05-26 10:56:06  INFO      httpx  HTTP Request: POST http://emplog.grapesonline.net/Employee/LogEmployeeEntry?MacAddress=84:1F:E8:24:A0:5C&EmployeeID=130&Status=OUT "HTTP/1.1 200 OK"
2026-05-26 10:56:12  INFO      processor  [Monitor:Dev Entrance] Scene: 1 unknown face(s) detected.
2026-05-26 10:57:54  INFO      processor  [Monitor:Dev Exit] Scene: 1 unknown face(s) detected.
2026-05-26 11:00:21  INFO      processor  [Monitor:Dev Entrance] Scene: 1 unknown face(s) detected.
2026-05-26 11:00:21  INFO      processor  [Monitor:Dev Entrance] Scene: 1 face(s) | Known: ALOSIOUS
2026-05-26 11:00:22  INFO      processor  [Monitor:Dev Entrance] Scene: 1 face(s) | Known: ALOSIOUS
2026-05-26 11:00:22  INFO      processor  [Monitor:Dev Entrance] Scene: 1 face(s) | Known: ALOSIOUS
2026-05-26 11:00:22  INFO      processor  [Monitor:Dev Entrance] 🔒 Cooldown set for 'ALOSIOUS' — same=30s, others=10s
2026-05-26 11:00:22  INFO      processor  [Monitor:Dev Entrance] Scene: 1 face(s) | Known: ALOSIOUS
2026-05-26 11:00:22  INFO      processor  [Monitor:Dev Entrance] Scene: 1 face(s) | Known: ALOSIOUS
2026-05-26 11:00:22  INFO      processor  [Monitor:Dev Entrance] Scene: 1 face(s) | Known: ALOSIOUS
2026-05-26 11:00:22  INFO      processor  [Monitor:Dev Entrance] Scene: 1 face(s) | Known: ALOSIOUS
2026-05-26 11:00:22  INFO      httpx  HTTP Request: GET http://emplog.grapesonline.net/Employee/GetEmployeeDetails?RfID=0001905253 "HTTP/1.1 200 OK"
2026-05-26 11:00:22  INFO      engine  [RF-Check] http://emplog.grapesonline.net/Employee/GetEmployeeDetails → 200 {"status":200,"Data":[{"EmpID":86,"EmployeeName":"ALOSIOUS JOY","DoorStatus":"OUT","Checkinstatus":"RdytoChkIn","ExitTyp
2026-05-26 11:00:22  INFO      processor  [Monitor:Dev Entrance] ✅ ACCESS GRANTED: 'ALOSIOUS'
2026-05-26 11:00:22  INFO      processor  [Monitor:Dev Entrance] Scene: 1 face(s) | Known: ALOSIOUS
2026-05-26 11:00:22  INFO      httpx  HTTP Request: POST http://192.168.0.251:3596/api/User/SendTextToSpeaker?DeviceID=G-5889-6B1B-5AE0&Message=Good%20Morning%2C%20%2C%20%2C%20ALOSIOUS.%20A%20very%20warm%20welcome%20to%20you.%20Wishing%20you%20a%20productive%20and%20wonderful%20day.&VoiceOption=Microsoft%20Zira%20Desktop "HTTP/1.1 200 OK"
2026-05-26 11:00:22  INFO      engine  [Speaker-API] Sent: 'Good Morning, , , ALOSIOUS. A very warm welcome to you. Wishing you a productive and wonderful day.' (Device: G-5889-6B1B-5AE0) Status: 200
2026-05-26 11:00:22  INFO      engine  [Door-WS] Dev Entrance → WebSocket sent: OPEN_DOOR
2026-05-26 11:00:22  INFO      processor  [Monitor:Dev Entrance] Scene: 1 face(s) | Known: ALOSIOUS
2026-05-26 11:00:22  INFO      processor  [Monitor:Dev Entrance] Scene: 1 face(s) | Known: ALOSIOUS
2026-05-26 11:00:22  INFO      processor  [Monitor:Dev Entrance] Scene: 1 face(s) | Known: ALOSIOUS
2026-05-26 11:00:23  INFO      httpx  HTTP Request: POST http://emplog.grapesonline.net/Employee/LogEmployeeEntry?MacAddress=84:1F:E8:24:A0:5C&EmployeeID=86&Status=IN "HTTP/1.1 200 OK"
2026-05-26 11:00:27  INFO      processor  [Monitor:Dev Exit] Scene: 1 unknown face(s) detected.
2026-05-26 11:03:30  INFO      processor  [Monitor:Dev Exit] Scene: 1 unknown face(s) detected.
2026-05-26 11:03:49  INFO      processor  [Monitor:Dev Entrance] Scene: 1 unknown face(s) detected.
2026-05-26 11:05:07  INFO      processor  [Monitor:Dev Entrance] Scene: 1 face(s) | Known: Jerald Nepoleon
2026-05-26 11:05:07  INFO      processor  [Monitor:Dev Entrance] Scene: 1 unknown face(s) detected.
2026-05-26 11:05:08  INFO      processor  [Monitor:Dev Entrance] Scene: 1 face(s) | Known: Jerald Nepoleon
2026-05-26 11:05:08  INFO      processor  [Monitor:Dev Entrance] Scene: 1 face(s) | Known: Jerald Nepoleon
2026-05-26 11:05:08  INFO      processor  [Monitor:Dev Entrance] Scene: 1 face(s) | Known: Jerald Nepoleon
2026-05-26 11:05:08  INFO      processor  [Monitor:Dev Entrance] 🔒 Cooldown set for 'Jerald Nepoleon' — same=30s, others=10s
2026-05-26 11:05:08  INFO      processor  [Monitor:Dev Entrance] ✅ ACCESS GRANTED: 'Jerald Nepoleon'
2026-05-26 11:05:08  INFO      httpx  HTTP Request: POST http://192.168.0.251:3596/api/User/SendTextToSpeaker?DeviceID=G-5889-6B1B-5AE0&Message=Good%20Morning%2C%20%2C%20%2C%20Jerald%20Nepoleon.%20A%20very%20warm%20welcome%20to%20you.%20Wishing%20you%20a%20productive%20and%20wonderful%20day.&VoiceOption=Microsoft%20Zira%20Desktop "HTTP/1.1 200 OK"
2026-05-26 11:05:08  INFO      engine  [Speaker-API] Sent: 'Good Morning, , , Jerald Nepoleon. A very warm welcome to you. Wishing you a productive and wonderful day.' (Device: G-5889-6B1B-5AE0) Status: 200
2026-05-26 11:05:08  INFO      processor  [Monitor:Dev Entrance] Scene: 1 face(s) | Known: Jerald Nepoleon
2026-05-26 11:05:08  INFO      engine  [Door-WS] Dev Entrance → WebSocket sent: OPEN_DOOR
2026-05-26 11:05:08  INFO      processor  [Monitor:Dev Entrance] Scene: 1 face(s) | Known: Jerald Nepoleon
2026-05-26 11:05:08  INFO      processor  [Monitor:Dev Entrance] Scene: 1 face(s) | Known: Jerald Nepoleon
2026-05-26 11:05:09  INFO      processor  [Monitor:Dev Entrance] Scene: 1 face(s) | Known: Jerald Nepoleon
2026-05-26 11:05:09  INFO      processor  [Monitor:Dev Entrance] Scene: 1 face(s) | Known: Jerald Nepoleon
2026-05-26 11:05:09  INFO      processor  [Monitor:Dev Entrance] Scene: 1 face(s) | Known: Jerald Nepoleon
2026-05-26 11:05:09  INFO      processor  [Monitor:Dev Entrance] Scene: 1 face(s) | Known: Jerald Nepoleon
2026-05-26 11:05:10  INFO      processor  [Monitor:Dev Entrance] Scene: 1 face(s) | Known: Jerald Nepoleon
2026-05-26 11:05:10  INFO      processor  [Monitor:Dev Entrance] Scene: 1 face(s) | Known: Jerald Nepoleon
2026-05-26 11:05:15  INFO      processor  [Monitor:Dev Exit] Scene: 1 unknown face(s) detected.
2026-05-26 11:12:39  INFO      processor  [Monitor:Dev Entrance] Scene: 1 unknown face(s) detected.
2026-05-26 11:12:43  INFO      processor  [Monitor:Dev Exit] Scene: 1 unknown face(s) detected.
2026-05-26 11:12:52  INFO      processor  [Monitor:Dev Entrance] Scene: 1 face(s) | Known: NOBLE PRINCE
2026-05-26 11:12:53  INFO      processor  [Monitor:Dev Entrance] Scene: 1 face(s) | Known: NOBLE PRINCE
2026-05-26 11:12:53  INFO      processor  [Monitor:Dev Entrance] Scene: 1 face(s) | Known: NOBLE PRINCE
2026-05-26 11:12:53  INFO      processor  [Monitor:Dev Entrance] 🔒 Cooldown set for 'NOBLE PRINCE' — same=30s, others=10s
2026-05-26 11:12:53  INFO      processor  [Monitor:Dev Entrance] Scene: 1 face(s) | Known: NOBLE PRINCE
2026-05-26 11:12:54  INFO      httpx  HTTP Request: GET http://emplog.grapesonline.net/Employee/GetEmployeeDetails?RfID=0008944727 "HTTP/1.1 200 OK"
2026-05-26 11:12:54  INFO      engine  [RF-Check] http://emplog.grapesonline.net/Employee/GetEmployeeDetails → 200 {"status":200,"Data":[{"EmpID":43,"EmployeeName":"NOBLE PRINCE","DoorStatus":"OUT","Checkinstatus":"OUT","ExitType":"Tea
2026-05-26 11:12:54  INFO      processor  [Monitor:Dev Entrance] ✅ ACCESS GRANTED: 'NOBLE PRINCE'
2026-05-26 11:12:54  INFO      httpx  HTTP Request: POST http://192.168.0.251:3596/api/User/SendTextToSpeaker?DeviceID=G-5889-6B1B-5AE0&Message=Welcome%20back%20from%20your%20tea%20break%2C%20%2C%20%2C%20NOBLE%20PRINCE.%20Hope%20you%20are%20refreshed.&VoiceOption=Microsoft%20Zira%20Desktop "HTTP/1.1 200 OK"
2026-05-26 11:12:54  INFO      engine  [Speaker-API] Sent: 'Welcome back from your tea break, , , NOBLE PRINCE. Hope you are refreshed.' (Device: G-5889-6B1B-5AE0) Status: 200
2026-05-26 11:12:55  INFO      engine  [Door-WS] Dev Entrance → WebSocket sent: OPEN_DOOR
2026-05-26 11:12:55  INFO      httpx  HTTP Request: POST http://emplog.grapesonline.net/Employee/LogEmployeeEntry?MacAddress=84:1F:E8:24:A0:5C&EmployeeID=43&Status=IN "HTTP/1.1 200 OK"
2026-05-26 11:13:45  INFO      processor  [Monitor:Dev Entrance] Scene: 1 unknown face(s) detected.
2026-05-26 11:13:53  INFO      processor  [Monitor:Dev Exit] Scene: 1 unknown face(s) detected.
2026-05-26 11:14:00  INFO      processor  [Monitor:Dev Entrance] Scene: 1 face(s) | Known: SIJIN
2026-05-26 11:24:32  INFO      processor  [Monitor:Dev Entrance] Scene: 1 face(s) | Known: manu
2026-05-26 11:24:32  INFO      processor  [Monitor:Dev Entrance] Scene: 1 face(s) | Known: manu
2026-05-26 11:24:32  INFO      processor  [Monitor:Dev Entrance] Scene: 1 face(s) | Known: manu
2026-05-26 11:24:32  INFO      processor  [Monitor:Dev Entrance] 🔒 Cooldown set for 'manu' — same=30s, others=10s
2026-05-26 11:24:32  INFO      processor  [Monitor:Dev Entrance] Scene: 1 face(s) | Known: manu
2026-05-26 11:24:32  INFO      processor  [Monitor:Dev Entrance] Scene: 1 face(s) | Known: manu
2026-05-26 11:24:32  INFO      processor  [Monitor:Dev Entrance] Scene: 1 face(s) | Known: manu
2026-05-26 11:24:32  INFO      processor  [Monitor:Dev Entrance] Scene: 1 face(s) | Known: manu
2026-05-26 11:24:32  INFO      processor  [Monitor:Dev Entrance] Scene: 1 unknown face(s) detected.
2026-05-26 11:24:32  INFO      processor  [Monitor:Dev Entrance] Scene: 1 face(s) | Known: manu
2026-05-26 11:24:33  INFO      processor  [Monitor:Dev Entrance] Scene: 1 face(s) | Known: manu
2026-05-26 11:24:33  INFO      processor  [Monitor:Dev Entrance] Scene: 1 face(s) | Known: manu
2026-05-26 11:24:33  INFO      processor  [Monitor:Dev Entrance] Scene: 1 face(s) | Known: manu
2026-05-26 11:24:33  INFO      processor  [Monitor:Dev Entrance] Scene: 1 face(s) | Known: manu
2026-05-26 11:24:33  INFO      processor  [Monitor:Dev Entrance] Scene: 1 face(s) | Known: manu
2026-05-26 11:24:34  INFO      httpx  HTTP Request: GET http://emplog.grapesonline.net/Employee/GetEmployeeDetails?RfID=0004813043 "HTTP/1.1 200 OK"
2026-05-26 11:24:34  INFO      engine  [RF-Check] http://emplog.grapesonline.net/Employee/GetEmployeeDetails → 200 {"status":200,"Data":[{"EmpID":130,"EmployeeName":"MANU VARGHESE","DoorStatus":"OUT","Checkinstatus":"OUT","ExitType":"T
2026-05-26 11:24:34  INFO      processor  [Monitor:Dev Entrance] ✅ ACCESS GRANTED: 'manu'
2026-05-26 11:24:34  INFO      httpx  HTTP Request: POST http://192.168.0.251:3596/api/User/SendTextToSpeaker?DeviceID=G-5889-6B1B-5AE0&Message=Welcome%20back%20from%20your%20tea%20break%2C%20%2C%20%2C%20manu.%20Hope%20you%20are%20refreshed.&VoiceOption=Microsoft%20Zira%20Desktop "HTTP/1.1 200 OK"
2026-05-26 11:24:34  INFO      engine  [Speaker-API] Sent: 'Welcome back from your tea break, , , manu. Hope you are refreshed.' (Device: G-5889-6B1B-5AE0) Status: 200
2026-05-26 11:24:34  INFO      engine  [Door-WS] Dev Entrance → WebSocket sent: OPEN_DOOR
2026-05-26 11:24:34  INFO      engine  [Engine] Wake-on-LAN magic packet sent to B4:2E:99:5A:8C:A2
2026-05-26 11:24:34  INFO      processor  [Monitor:Dev Entrance] Scene: 2 face(s) | Known: AJITH P U
2026-05-26 11:24:34  INFO      httpx  HTTP Request: POST http://emplog.grapesonline.net/Employee/LogEmployeeEntry?MacAddress=84:1F:E8:24:A0:5C&EmployeeID=130&Status=IN "HTTP/1.1 200 OK"
2026-05-26 11:24:34  INFO      processor  [Monitor:Dev Entrance] Scene: 1 face(s) | Known: AJITH P U
2026-05-26 11:24:35  INFO      processor  [Monitor:Dev Entrance] Scene: 2 face(s) | Known: AJITH P U
2026-05-26 11:24:35  INFO      processor  [Monitor:Dev Entrance] 🔒 Cooldown set for 'AJITH P U' — same=30s, others=10s
2026-05-26 11:24:35  INFO      processor  [Monitor:Dev Entrance] Scene: 2 face(s) | Known: AJITH P U
2026-05-26 11:24:35  INFO      processor  [Monitor:Dev Entrance] Scene: 2 face(s) | Known: AJITH P U
2026-05-26 11:24:35  INFO      httpx  HTTP Request: GET http://emplog.grapesonline.net/Employee/GetEmployeeDetails?RfID=0007194549 "HTTP/1.1 200 OK"
2026-05-26 11:24:35  INFO      engine  [RF-Check] http://emplog.grapesonline.net/Employee/GetEmployeeDetails → 200 {"status":200,"Data":[{"EmpID":20195,"EmployeeName":"AJITH P U","DoorStatus":"OUT","Checkinstatus":"OUT","ExitType":"Tea
2026-05-26 11:24:35  INFO      processor  [Monitor:Dev Entrance] ✅ ACCESS GRANTED: 'AJITH P U'
2026-05-26 11:24:35  INFO      processor  [Monitor:Dev Entrance] Scene: 1 face(s) | Known: AJITH P U
2026-05-26 11:24:35  INFO      httpx  HTTP Request: POST http://192.168.0.251:3596/api/User/SendTextToSpeaker?DeviceID=G-5889-6B1B-5AE0&Message=Welcome%20back%20from%20your%20tea%20break%2C%20%2C%20%2C%20AJITH%20P%20U.%20Hope%20you%20are%20refreshed.&VoiceOption=Microsoft%20Zira%20Desktop "HTTP/1.1 200 OK"
2026-05-26 11:24:35  INFO      engine  [Speaker-API] Sent: 'Welcome back from your tea break, , , AJITH P U. Hope you are refreshed.' (Device: G-5889-6B1B-5AE0) Status: 200
2026-05-26 11:24:35  INFO      processor  [Monitor:Dev Entrance] Scene: 1 face(s) | Known: AJITH P U
2026-05-26 11:24:35  INFO      engine  [Door-WS] Dev Entrance → WebSocket sent: OPEN_DOOR
2026-05-26 11:24:35  INFO      processor  [Monitor:Dev Entrance] Scene: 2 face(s) | Known: AJITH P U
2026-05-26 11:24:35  INFO      processor  [Monitor:Dev Entrance] Scene: 2 face(s) | Known: AJITH P U
2026-05-26 11:24:36  INFO      httpx  HTTP Request: POST http://emplog.grapesonline.net/Employee/LogEmployeeEntry?MacAddress=84:1F:E8:24:A0:5C&EmployeeID=20195&Status=IN "HTTP/1.1 200 OK"
2026-05-26 11:24:36  INFO      processor  [Monitor:Dev Entrance] Scene: 1 face(s) | Known: AJITH P U
2026-05-26 11:24:36  INFO      processor  [Monitor:Dev Entrance] Scene: 1 face(s) | Known: AJITH P U
2026-05-26 11:24:36  INFO      processor  [Monitor:Dev Entrance] Scene: 1 face(s) | Known: AJITH P U
2026-05-26 11:24:36  INFO      processor  [Monitor:Dev Entrance] Scene: 1 face(s) | Known: AJITH P U
2026-05-26 11:24:36  INFO      processor  [Monitor:Dev Entrance] Scene: 1 face(s) | Known: AJITH P U
2026-05-26 11:24:36  INFO      processor  [Monitor:Dev Entrance] Scene: 1 face(s) | Known: AJITH P U
2026-05-26 11:24:37  INFO      processor  [Monitor:Dev Entrance] Scene: 1 face(s) | Known: AJITH P U
2026-05-26 11:24:37  INFO      processor  [Monitor:Dev Entrance] Scene: 1 face(s) | Known: AJITH P U
2026-05-26 11:24:37  INFO      processor  [Monitor:Dev Entrance] Scene: 1 face(s) | Known: AJITH P U
2026-05-26 11:24:37  INFO      processor  [Monitor:Dev Entrance] Scene: 1 face(s) | Known: AJITH P U
2026-05-26 11:24:37  INFO      processor  [Monitor:Dev Entrance] Scene: 1 face(s) | Known: AJITH P U
2026-05-26 11:24:37  INFO      processor  [Monitor:Dev Entrance] Scene: 1 face(s) | Known: AJITH P U
2026-05-26 11:24:37  INFO      processor  [Monitor:Dev Entrance] Scene: 1 face(s) | Known: AJITH P U
2026-05-26 11:24:38  INFO      processor  [Monitor:Dev Exit] Scene: 1 unknown face(s) detected.
2026-05-26 11:25:01  INFO      processor  [Monitor:Dev Entrance] Scene: 1 face(s) | Known: abhay
2026-05-26 11:25:01  INFO      processor  [Monitor:Dev Entrance] Scene: 1 face(s) | Known: abhay
2026-05-26 11:25:01  INFO      processor  [Monitor:Dev Entrance] Scene: 1 face(s) | Known: abhay
2026-05-26 11:25:01  INFO      processor  [Monitor:Dev Entrance] 🔒 Cooldown set for 'abhay' — same=30s, others=10s
2026-05-26 11:25:01  INFO      processor  [Monitor:Dev Entrance] Scene: 1 face(s) | Known: abhay
2026-05-26 11:25:01  INFO      processor  [Monitor:Dev Entrance] Scene: 1 face(s) | Known: abhay
2026-05-26 11:25:01  INFO      processor  [Monitor:Dev Entrance] Scene: 1 face(s) | Known: abhay
2026-05-26 11:25:01  INFO      processor  [Monitor:Dev Entrance] Scene: 1 face(s) | Known: abhay
2026-05-26 11:25:02  INFO      processor  [Monitor:Dev Entrance] Scene: 1 face(s) | Known: abhay
2026-05-26 11:25:02  INFO      httpx  HTTP Request: GET http://emplog.grapesonline.net/Employee/GetEmployeeDetails?RfID=0008941168 "HTTP/1.1 200 OK"
2026-05-26 11:25:02  INFO      engine  [RF-Check] http://emplog.grapesonline.net/Employee/GetEmployeeDetails → 200 {"status":200,"Data":[{"EmpID":20148,"EmployeeName":"ABHAY RAMESH","DoorStatus":"OUT","Checkinstatus":"OUT","ExitType":"
2026-05-26 11:25:02  INFO      processor  [Monitor:Dev Entrance] ✅ ACCESS GRANTED: 'abhay'
2026-05-26 11:25:02  INFO      httpx  HTTP Request: POST http://192.168.0.251:3596/api/User/SendTextToSpeaker?DeviceID=G-5889-6B1B-5AE0&Message=Welcome%20back%20from%20your%20tea%20break%2C%20%2C%20%2C%20abhay.%20Hope%20you%20are%20refreshed.&VoiceOption=Microsoft%20Zira%20Desktop "HTTP/1.1 200 OK"
2026-05-26 11:25:02  INFO      engine  [Speaker-API] Sent: 'Welcome back from your tea break, , , abhay. Hope you are refreshed.' (Device: G-5889-6B1B-5AE0) Status: 200
2026-05-26 11:25:02  INFO      processor  [Monitor:Dev Entrance] Scene: 1 face(s) | Known: abhay
2026-05-26 11:25:02  INFO      processor  [Monitor:Dev Entrance] Scene: 1 face(s) | Known: abhay
2026-05-26 11:25:02  INFO      engine  [Door-WS] Dev Entrance → WebSocket sent: OPEN_DOOR
2026-05-26 11:25:02  INFO      processor  [Monitor:Dev Entrance] Scene: 1 face(s) | Known: abhay
2026-05-26 11:25:02  INFO      processor  [Monitor:Dev Entrance] Scene: 1 face(s) | Known: abhay
2026-05-26 11:25:02  INFO      processor  [Monitor:Dev Entrance] Scene: 1 face(s) | Known: abhay
2026-05-26 11:25:02  INFO      processor  [Monitor:Dev Entrance] Scene: 1 face(s) | Known: abhay
2026-05-26 11:25:02  INFO      engine  [Engine] Wake-on-LAN magic packet sent to 7C:57:58:3E:CE:2E
2026-05-26 11:25:02  INFO      processor  [Monitor:Dev Entrance] Scene: 1 face(s) | Known: abhay
2026-05-26 11:25:02  INFO      httpx  HTTP Request: POST http://emplog.grapesonline.net/Employee/LogEmployeeEntry?MacAddress=84:1F:E8:24:A0:5C&EmployeeID=20148&Status=IN "HTTP/1.1 200 OK"
2026-05-26 11:25:02  INFO      processor  [Monitor:Dev Entrance] Scene: 1 face(s) | Known: abhay
2026-05-26 11:25:02  INFO      processor  [Monitor:Dev Entrance] Scene: 1 face(s) | Known: abhay
2026-05-26 11:25:03  INFO      processor  [Monitor:Dev Entrance] Scene: 1 face(s) | Known: abhay
2026-05-26 11:25:03  INFO      processor  [Monitor:Dev Entrance] Scene: 1 unknown face(s) detected.
2026-05-26 11:25:08  INFO      processor  [Monitor:Dev Exit] Scene: 1 unknown face(s) detected.
2026-05-26 11:26:39  INFO      processor  [Monitor:Dev Exit] Scene: 1 unknown face(s) detected.
2026-05-26 11:29:21  INFO      processor  [Monitor:Dev Entrance] Scene: 1 unknown face(s) detected.
2026-05-26 11:29:23  INFO      processor  [Monitor:Dev Entrance] Scene: 1 face(s) | Known: SIJIN
2026-05-26 11:29:23  INFO      processor  [Monitor:Dev Entrance] Scene: 1 face(s) | Known: SIJIN
2026-05-26 11:29:26  INFO      processor  [Monitor:Dev Exit] Scene: 1 unknown face(s) detected.
2026-05-26 11:30:42  INFO      processor  [Monitor:Dev Entrance] Scene: 1 unknown face(s) detected.
2026-05-26 11:30:47  INFO      processor  [Monitor:Dev Exit] Scene: 1 unknown face(s) detected.
2026-05-26 11:34:20  INFO      processor  [Monitor:Dev Exit] Scene: 1 unknown face(s) detected.
2026-05-26 11:34:29  INFO      processor  [Monitor:Dev Entrance] Scene: 1 unknown face(s) detected.
2026-05-26 11:34:58  INFO      processor  [Monitor:Dev Entrance] Scene: 1 face(s) | Known: SACHIN E L
2026-05-26 11:34:58  INFO      processor  [Monitor:Dev Entrance] Scene: 1 face(s) | Known: SACHIN E L
2026-05-26 11:34:58  INFO      processor  [Monitor:Dev Entrance] Scene: 1 face(s) | Known: SACHIN E L
2026-05-26 11:34:58  INFO      processor  [Monitor:Dev Entrance] 🔒 Cooldown set for 'SACHIN E L' — same=30s, others=10s
2026-05-26 11:34:59  INFO      processor  [Monitor:Dev Entrance] Scene: 1 face(s) | Known: SACHIN E L
2026-05-26 11:34:59  INFO      processor  [Monitor:Dev Entrance] Scene: 1 face(s) | Known: SACHIN E L
2026-05-26 11:34:59  INFO      processor  [Monitor:Dev Entrance] Scene: 1 face(s) | Known: SACHIN E L
2026-05-26 11:34:59  INFO      processor  [Monitor:Dev Entrance] Scene: 1 face(s) | Known: SACHIN E L
2026-05-26 11:34:59  INFO      processor  [Monitor:Dev Entrance] Scene: 1 face(s) | Known: SACHIN E L
2026-05-26 11:34:59  INFO      processor  [Monitor:Dev Entrance] Scene: 1 unknown face(s) detected.
2026-05-26 11:35:00  INFO      httpx  HTTP Request: GET http://emplog.grapesonline.net/Employee/GetEmployeeDetails?RfID=0000662747 "HTTP/1.1 200 OK"
2026-05-26 11:35:00  INFO      engine  [RF-Check] http://emplog.grapesonline.net/Employee/GetEmployeeDetails → 200 {"status":200,"Data":[{"EmpID":3,"EmployeeName":"SACHIN E L","DoorStatus":"OUT","Checkinstatus":"RdytoChkIn","ExitType":
2026-05-26 11:35:00  INFO      processor  [Monitor:Dev Entrance] ✅ ACCESS GRANTED: 'SACHIN E L'
2026-05-26 11:35:00  INFO      engine  [Door-WS] Dev Entrance → WebSocket sent: OPEN_DOOR
2026-05-26 11:35:01  INFO      httpx  HTTP Request: POST http://emplog.grapesonline.net/Employee/LogEmployeeEntry?MacAddress=84:1F:E8:24:A0:5C&EmployeeID=3&Status=IN "HTTP/1.1 200 OK"
2026-05-26 11:35:01  INFO      httpx  HTTP Request: POST http://192.168.0.251:3596/api/User/SendTextToSpeaker?DeviceID=G-5889-6B1B-5AE0&Message=Good%20to%20see%20you%2C%20%2C%20%2C%20SACHIN%20E%20L.%20We%20hope%20you%20have%20a%20successful%20and%20pleasant%20day%20today.&VoiceOption=Microsoft%20Zira%20Desktop "HTTP/1.1 200 OK"
2026-05-26 11:35:01  INFO      engine  [Speaker-API] Sent: 'Good to see you, , , SACHIN E L. We hope you have a successful and pleasant day today.' (Device: G-5889-6B1B-5AE0) Status: 200
2026-05-26 11:35:05  INFO      processor  [Monitor:Dev Exit] Scene: 1 unknown face(s) detected.
2026-05-26 11:35:57  INFO      processor  [Monitor:Dev Entrance] Scene: 1 unknown face(s) detected.
2026-05-26 11:36:03  INFO      processor  [Monitor:Dev Exit] Scene: 1 unknown face(s) detected.
2026-05-26 11:36:50  INFO      processor  [Monitor:Dev Exit] Scene: 1 unknown face(s) detected.
2026-05-26 11:37:28  INFO      processor  [Monitor:Dev Exit] Scene: 1 unknown face(s) detected.
2026-05-26 11:42:24  INFO      processor  [Monitor:Dev Exit] Scene: 1 unknown face(s) detected.
2026-05-26 11:50:34  INFO      processor  [Monitor:Dev Exit] Scene: 1 unknown face(s) detected.
2026-05-26 11:52:22  INFO      processor  [Monitor:Dev Entrance] Scene: 1 unknown face(s) detected.
2026-05-26 11:52:29  INFO      processor  [Monitor:Dev Exit] Scene: 1 unknown face(s) detected.
2026-05-26 11:54:22  INFO      processor  [Monitor:Dev Exit] Scene: 1 unknown face(s) detected.
2026-05-26 11:54:27  INFO      processor  [Monitor:Dev Exit] Scene: 1 face(s) | Known: SACHIN E L
2026-05-26 11:54:27  INFO      processor  [Monitor:Dev Exit] Scene: 1 face(s) | Known: SACHIN E L
2026-05-26 11:55:12  INFO      processor  [Monitor:Dev Exit] Scene: 1 unknown face(s) detected.
2026-05-26 11:55:21  INFO      processor  [Monitor:Dev Entrance] Scene: 1 unknown face(s) detected.
2026-05-26 12:03:08  INFO      processor  [Monitor:Dev Exit] Scene: 1 unknown face(s) detected.
2026-05-26 12:03:10  INFO      processor  [Monitor:Dev Exit] Scene: 2 face(s) | Known: Jerald Nepoleon
2026-05-26 12:03:11  INFO      processor  [Monitor:Dev Exit] Scene: 2 face(s) | Known: Jerald Nepoleon
2026-05-26 12:03:11  INFO      processor  [Monitor:Dev Exit] Scene: 2 face(s) | Known: Jerald Nepoleon
2026-05-26 12:03:11  INFO      processor  [Monitor:Dev Exit] 🔒 Cooldown set for 'Jerald Nepoleon' — same=30s, others=10s
2026-05-26 12:03:11  INFO      processor  [Monitor:Dev Exit] ✅ ACCESS GRANTED: 'Jerald Nepoleon'
2026-05-26 12:03:11  INFO      processor  [Monitor:Dev Exit] Scene: 2 face(s) | Known: Jerald Nepoleon
2026-05-26 12:03:11  INFO      engine  [Door-WS] Dev Exit → WebSocket sent: OPEN_DOOR
2026-05-26 12:03:11  INFO      processor  [Monitor:Dev Exit] Scene: 2 face(s) | Known: Jerald Nepoleon
2026-05-26 12:03:11  INFO      processor  [Monitor:Dev Exit] Scene: 2 face(s) | Known: Jerald Nepoleon
2026-05-26 12:03:11  INFO      processor  [Monitor:Dev Exit] Scene: 2 face(s) | Known: Jerald Nepoleon
2026-05-26 12:03:11  INFO      processor  [Monitor:Dev Exit] Scene: 2 face(s) | Known: Jerald Nepoleon
2026-05-26 12:03:11  INFO      httpx  HTTP Request: POST http://192.168.0.251:3596/api/User/SendTextToSpeaker?DeviceID=G-5889-6B1B-5AE0&Message=Thank%20you%20for%20your%20visit%2C%20%2C%20%2C%20Jerald%20Nepoleon.%20We%20hope%20you%20have%20a%20peaceful%20and%20relaxing%20rest%20of%20your%20day.&VoiceOption=Microsoft%20Zira%20Desktop "HTTP/1.1 200 OK"
2026-05-26 12:03:11  INFO      engine  [Speaker-API] Sent: 'Thank you for your visit, , , Jerald Nepoleon. We hope you have a peaceful and relaxing rest of your day.' (Device: G-5889-6B1B-5AE0) Status: 200
2026-05-26 12:03:11  INFO      processor  [Monitor:Dev Exit] Scene: 2 face(s) | Known: Jerald Nepoleon
2026-05-26 12:03:11  INFO      processor  [Monitor:Dev Exit] Scene: 1 face(s) | Known: Jerald Nepoleon
2026-05-26 12:03:11  INFO      engine  [Engine] ⚡ AUTO-OPTIMIZED identity for 'Jerald Nepoleon' (Face model refreshed).
2026-05-26 12:03:11  INFO      engine  [Engine] Fetching embeddings from database...
2026-05-26 12:03:11  INFO      database  [DB] Fetching all embeddings from SQL...
2026-05-26 12:03:12  INFO      processor  [Monitor:Dev Exit] Scene: 1 face(s) | Known: Jerald Nepoleon
2026-05-26 12:03:12  INFO      processor  [Monitor:Dev Exit] Scene: 1 face(s) | Known: Jerald Nepoleon
2026-05-26 12:03:12  INFO      database  [DB] SQL returned 25 rows.
2026-05-26 12:03:12  INFO      engine  [Engine] Fetched data for 25 employees.
2026-05-26 12:03:12  INFO      engine  [Engine] Building HNSW index with 65 vectors in background...
2026-05-26 12:03:12  INFO      engine  [Engine] Index ready (65 vectors).
2026-05-26 12:03:12  INFO      processor  [Monitor:Dev Exit] Scene: 1 face(s) | Known: Jerald Nepoleon
2026-05-26 12:03:12  INFO      processor  [Monitor:Dev Exit] Scene: 1 face(s) | Known: Jerald Nepoleon
2026-05-26 12:03:12  INFO      processor  [Monitor:Dev Exit] Scene: 1 face(s) | Known: Jerald Nepoleon
2026-05-26 12:03:12  INFO      processor  [Monitor:Dev Exit] Scene: 1 face(s) | Known: Jerald Nepoleon
2026-05-26 12:03:13  INFO      httpx  HTTP Request: POST http://emplog.grapesonline.net/Employee/LogEmployeeEntry?MacAddress=84:1F:E8:24:A0:5C&EmployeeID=66&Status=OUT "HTTP/1.1 200 OK"
2026-05-26 12:03:20  INFO      processor  [Monitor:Dev Exit] Scene: 1 face(s) | Known: ASWIN
2026-05-26 12:03:20  INFO      processor  [Monitor:Dev Exit] Scene: 1 face(s) | Known: ASWIN
2026-05-26 12:03:20  INFO      processor  [Monitor:Dev Exit] Scene: 1 face(s) | Known: ASWIN
2026-05-26 12:03:20  INFO      processor  [Monitor:Dev Exit] 🔒 Cooldown set for 'ASWIN' — same=30s, others=10s
2026-05-26 12:03:20  INFO      httpx  HTTP Request: GET http://emplog.grapesonline.net/Employee/GetEmployeeDetails?RfID=0001906527 "HTTP/1.1 200 OK"
2026-05-26 12:03:20  INFO      engine  [RF-Check] http://emplog.grapesonline.net/Employee/GetEmployeeDetails → 200 {"status":200,"Data":[{"EmpID":20188,"EmployeeName":"ASWIN N A","DoorStatus":"IN","Checkinstatus":"IN","ExitType":null,"
2026-05-26 12:03:20  WARNING   processor  [Monitor:Dev Exit] ❌ ACCESS DENIED (RF invalid): 'ASWIN'
2026-05-26 12:03:20  INFO      httpx  HTTP Request: POST http://192.168.0.251:3596/api/User/SendTextToSpeaker?DeviceID=G-5889-6B1B-5AE0&Message=Attention%2C%20%2C%20%2C%20ASWIN.%20A%20checkout%20is%20required%20before%20exiting.%20Please%20follow%20the%20checkout%20procedure.&VoiceOption=Microsoft%20Zira%20Desktop "HTTP/1.1 200 OK"
2026-05-26 12:03:20  INFO      engine  [Speaker-API] Sent: 'Attention, , , ASWIN. A checkout is required before exiting. Please follow the checkout procedure.' (Device: G-5889-6B1B-5AE0) Status: 200
2026-05-26 12:03:32  INFO      database  [DB] FAISS index blob saved to SQL system_config.
2026-05-26 12:03:33  INFO      processor  [Monitor:Dev Exit] Scene: 1 face(s) | Known: ASWIN
2026-05-26 12:03:33  INFO      processor  [Monitor:Dev Exit] Scene: 1 face(s) | Known: ASWIN
2026-05-26 12:03:34  INFO      processor  [Monitor:Dev Exit] Scene: 1 face(s) | Known: ASWIN
2026-05-26 12:03:34  INFO      processor  [Monitor:Dev Exit] Scene: 1 face(s) | Known: ASWIN
2026-05-26 12:03:34  INFO      processor  [Monitor:Dev Exit] Scene: 1 face(s) | Known: ASWIN
2026-05-26 12:03:34  INFO      processor  [Monitor:Dev Exit] Scene: 1 face(s) | Known: ASWIN
2026-05-26 12:07:04  INFO      processor  [Monitor:Dev Entrance] Scene: 1 face(s) | Known: ASWIN
2026-05-26 12:07:04  INFO      processor  [Monitor:Dev Entrance] Scene: 1 face(s) | Known: ASWIN
2026-05-26 12:07:04  INFO      processor  [Monitor:Dev Entrance] Scene: 1 face(s) | Known: ASWIN
2026-05-26 12:07:04  INFO      processor  [Monitor:Dev Entrance] 🔒 Cooldown set for 'ASWIN' — same=30s, others=10s
2026-05-26 12:07:04  INFO      processor  [Monitor:Dev Entrance] Scene: 1 face(s) | Known: ASWIN
2026-05-26 12:07:05  INFO      processor  [Monitor:Dev Entrance] Scene: 1 face(s) | Known: ASWIN
2026-05-26 12:07:05  INFO      processor  [Monitor:Dev Entrance] Scene: 1 face(s) | Known: ASWIN
2026-05-26 12:07:05  INFO      processor  [Monitor:Dev Entrance] Scene: 1 face(s) | Known: ASWIN
2026-05-26 12:07:05  INFO      processor  [Monitor:Dev Entrance] Scene: 1 face(s) | Known: ASWIN
2026-05-26 12:07:05  INFO      httpx  HTTP Request: GET http://emplog.grapesonline.net/Employee/GetEmployeeDetails?RfID=0001906527 "HTTP/1.1 200 OK"
2026-05-26 12:07:05  INFO      engine  [RF-Check] http://emplog.grapesonline.net/Employee/GetEmployeeDetails → 200 {"status":200,"Data":[{"EmpID":20188,"EmployeeName":"ASWIN N A","DoorStatus":"OUT","Checkinstatus":"OUT","ExitType":"Res
2026-05-26 12:07:05  INFO      processor  [Monitor:Dev Entrance] ✅ ACCESS GRANTED: 'ASWIN'
2026-05-26 12:07:05  INFO      processor  [Monitor:Dev Entrance] Scene: 1 face(s) | Known: ASWIN
2026-05-26 12:07:05  INFO      engine  [Door-WS] Dev Entrance → WebSocket sent: OPEN_DOOR
2026-05-26 12:07:05  INFO      processor  [Monitor:Dev Entrance] Scene: 1 unknown face(s) detected.
2026-05-26 12:07:06  INFO      httpx  HTTP Request: POST http://emplog.grapesonline.net/Employee/LogEmployeeEntry?MacAddress=84:1F:E8:24:A0:5C&EmployeeID=20188&Status=IN "HTTP/1.1 200 OK"
2026-05-26 12:07:06  INFO      processor  [Monitor:Dev Entrance] Scene: 1 face(s) | Known: ASWIN
2026-05-26 12:07:06  INFO      processor  [Monitor:Dev Entrance] Scene: 1 face(s) | Known: ASWIN
2026-05-26 12:07:06  INFO      httpx  HTTP Request: POST http://192.168.0.251:3596/api/User/SendTextToSpeaker?DeviceID=G-5889-6B1B-5AE0&Message=Hello%2C%20%2C%20%2C%20ASWIN.%20Welcome%20back%20to%20the%20facility.%20Have%20a%20great%20day%20ahead.&VoiceOption=Microsoft%20Zira%20Desktop "HTTP/1.1 200 OK"
2026-05-26 12:07:06  INFO      engine  [Speaker-API] Sent: 'Hello, , , ASWIN. Welcome back to the facility. Have a great day ahead.' (Device: G-5889-6B1B-5AE0) Status: 200
2026-05-26 12:07:06  INFO      processor  [Monitor:Dev Entrance] Scene: 1 face(s) | Known: ASWIN
2026-05-26 12:07:10  INFO      processor  [Monitor:Dev Exit] Scene: 1 unknown face(s) detected.
2026-05-26 12:08:33  INFO      processor  [Monitor:Dev Exit] Scene: 1 unknown face(s) detected.
2026-05-26 12:10:29  INFO      processor  [Monitor:Dev Exit] Scene: 1 unknown face(s) detected.
2026-05-26 12:11:33  INFO      processor  [Monitor:Dev Exit] Scene: 1 unknown face(s) detected.
2026-05-26 12:12:12  INFO      processor  [Monitor:Dev Exit] Scene: 1 unknown face(s) detected.
2026-05-26 12:17:58  INFO      processor  [Monitor:Dev Exit] Scene: 1 unknown face(s) detected.
2026-05-26 12:18:08  INFO      processor  [Monitor:Dev Entrance] Scene: 1 unknown face(s) detected.
2026-05-26 12:23:01  INFO      processor  [Monitor:Dev Exit] Scene: 1 unknown face(s) detected.
2026-05-26 12:23:02  INFO      processor  [Monitor:Dev Exit] Scene: 1 face(s) | Known: abhay
2026-05-26 12:23:03  INFO      processor  [Monitor:Dev Exit] Scene: 1 face(s) | Known: abhay
2026-05-26 12:23:03  INFO      processor  [Monitor:Dev Exit] Scene: 1 face(s) | Known: abhay
2026-05-26 12:23:03  INFO      processor  [Monitor:Dev Exit] 🔒 Cooldown set for 'abhay' — same=30s, others=10s
2026-05-26 12:23:03  INFO      processor  [Monitor:Dev Exit] Scene: 1 face(s) | Known: abhay
2026-05-26 12:23:03  INFO      processor  [Monitor:Dev Exit] Scene: 1 face(s) | Known: abhay
2026-05-26 12:23:03  INFO      processor  [Monitor:Dev Exit] Scene: 1 face(s) | Known: abhay
2026-05-26 12:23:03  INFO      processor  [Monitor:Dev Exit] Scene: 1 face(s) | Known: abhay
2026-05-26 12:23:03  INFO      processor  [Monitor:Dev Exit] Scene: 1 face(s) | Known: abhay
2026-05-26 12:23:03  INFO      processor  [Monitor:Dev Exit] Scene: 1 face(s) | Known: abhay
2026-05-26 12:23:03  INFO      processor  [Monitor:Dev Exit] Scene: 1 face(s) | Known: abhay
2026-05-26 12:23:04  INFO      processor  [Monitor:Dev Exit] Scene: 1 face(s) | Known: abhay
2026-05-26 12:23:04  INFO      processor  [Monitor:Dev Exit] Scene: 1 face(s) | Known: abhay
2026-05-26 12:23:04  INFO      processor  [Monitor:Dev Exit] Scene: 1 face(s) | Known: abhay
2026-05-26 12:23:04  INFO      processor  [Monitor:Dev Exit] Scene: 1 face(s) | Known: abhay
2026-05-26 12:23:04  INFO      processor  [Monitor:Dev Exit] Scene: 1 face(s) | Known: abhay
2026-05-26 12:23:04  INFO      processor  [Monitor:Dev Exit] Scene: 1 face(s) | Known: abhay
2026-05-26 12:23:04  INFO      httpx  HTTP Request: GET http://emplog.grapesonline.net/Employee/GetEmployeeDetails?RfID=0008941168 "HTTP/1.1 200 OK"
2026-05-26 12:23:04  INFO      engine  [RF-Check] http://emplog.grapesonline.net/Employee/GetEmployeeDetails → 200 {"status":200,"Data":[{"EmpID":20148,"EmployeeName":"ABHAY RAMESH","DoorStatus":"IN","Checkinstatus":"IN","ExitType":nul
2026-05-26 12:23:04  INFO      engine  [RF-Check] Bypassing status 'IN' (Camera: Dev Exit, Dept: EMBEDED)
2026-05-26 12:23:04  INFO      processor  [Monitor:Dev Exit] ✅ ACCESS GRANTED: 'abhay'
2026-05-26 12:23:04  INFO      processor  [Monitor:Dev Exit] Scene: 1 face(s) | Known: abhay
2026-05-26 12:23:04  INFO      engine  [Door-WS] Dev Exit → WebSocket sent: OPEN_DOOR
2026-05-26 12:23:04  INFO      processor  [Monitor:Dev Exit] Scene: 1 face(s) | Known: abhay
2026-05-26 12:23:04  INFO      httpx  HTTP Request: POST http://192.168.0.251:3596/api/User/SendTextToSpeaker?DeviceID=G-5889-6B1B-5AE0&Message=Thank%20you%20for%20your%20visit%2C%20%2C%20%2C%20abhay.%20We%20hope%20you%20have%20a%20peaceful%20and%20relaxing%20rest%20of%20your%20day.&VoiceOption=Microsoft%20Zira%20Desktop "HTTP/1.1 200 OK"
2026-05-26 12:23:04  INFO      engine  [Speaker-API] Sent: 'Thank you for your visit, , , abhay. We hope you have a peaceful and relaxing rest of your day.' (Device: G-5889-6B1B-5AE0) Status: 200
2026-05-26 12:23:04  INFO      processor  [Monitor:Dev Exit] Scene: 1 face(s) | Known: abhay
2026-05-26 12:23:05  INFO      processor  [Monitor:Dev Exit] Scene: 1 face(s) | Known: abhay
2026-05-26 12:23:05  INFO      processor  [Monitor:Dev Exit] Scene: 1 face(s) | Known: abhay
2026-05-26 12:23:05  INFO      processor  [Monitor:Dev Exit] Scene: 1 face(s) | Known: abhay
2026-05-26 12:23:05  INFO      engine  [Engine] Lock signal sent to 192.168.1.77
2026-05-26 12:23:05  INFO      processor  [Monitor:Dev Exit] Scene: 1 face(s) | Known: abhay
2026-05-26 12:23:05  INFO      processor  [Monitor:Dev Exit] Scene: 1 face(s) | Known: abhay
2026-05-26 12:23:05  INFO      httpx  HTTP Request: POST http://emplog.grapesonline.net/Employee/LogEmployeeEntry?MacAddress=84:1F:E8:24:A0:5C&EmployeeID=20148&Status=OUT "HTTP/1.1 200 OK"
2026-05-26 12:23:05  INFO      processor  [Monitor:Dev Exit] Scene: 1 face(s) | Known: abhay
2026-05-26 12:23:05  INFO      processor  [Monitor:Dev Exit] Scene: 1 face(s) | Known: abhay
2026-05-26 12:23:05  INFO      engine  [Engine] ⚡ AUTO-OPTIMIZED identity for 'abhay' (Face model refreshed).
2026-05-26 12:23:05  INFO      engine  [Engine] Fetching embeddings from database...
2026-05-26 12:23:05  INFO      database  [DB] Fetching all embeddings from SQL...
2026-05-26 12:23:05  INFO      database  [DB] SQL returned 25 rows.
2026-05-26 12:23:05  INFO      engine  [Engine] Fetched data for 25 employees.
2026-05-26 12:23:05  INFO      engine  [Engine] Building HNSW index with 65 vectors in background...
2026-05-26 12:23:05  INFO      engine  [Engine] Index ready (65 vectors).
2026-05-26 12:23:05  INFO      processor  [Monitor:Dev Exit] Scene: 1 face(s) | Known: abhay
2026-05-26 12:23:05  INFO      processor  [Monitor:Dev Exit] Scene: 1 face(s) | Known: abhay
2026-05-26 12:23:05  INFO      processor  [Monitor:Dev Exit] Scene: 1 face(s) | Known: abhay
2026-05-26 12:23:06  INFO      processor  [Monitor:Dev Exit] Scene: 1 face(s) | Known: abhay
2026-05-26 12:23:07  INFO      processor  [Monitor:Dev Exit] Scene: 1 face(s) | Known: abhay
2026-05-26 12:23:16  INFO      database  [DB] FAISS index blob saved to SQL system_config.
2026-05-26 12:27:09  INFO      processor  [Monitor:Dev Entrance] Scene: 1 face(s) | Known: abhay
2026-05-26 12:27:10  INFO      processor  [Monitor:Dev Entrance] Scene: 1 face(s) | Known: abhay
2026-05-26 12:27:10  INFO      processor  [Monitor:Dev Entrance] Scene: 1 face(s) | Known: abhay
2026-05-26 12:27:10  INFO      processor  [Monitor:Dev Entrance] 🔒 Cooldown set for 'abhay' — same=30s, others=10s
2026-05-26 12:27:10  INFO      processor  [Monitor:Dev Entrance] Scene: 1 unknown face(s) detected.
2026-05-26 12:27:10  INFO      processor  [Monitor:Dev Entrance] Scene: 1 face(s) | Known: abhay
2026-05-26 12:27:10  INFO      processor  [Monitor:Dev Entrance] Scene: 1 face(s) | Known: abhay
2026-05-26 12:27:10  INFO      processor  [Monitor:Dev Entrance] Scene: 1 face(s) | Known: abhay
2026-05-26 12:27:10  INFO      processor  [Monitor:Dev Entrance] Scene: 1 face(s) | Known: abhay
2026-05-26 12:27:10  INFO      httpx  HTTP Request: GET http://emplog.grapesonline.net/Employee/GetEmployeeDetails?RfID=0008941168 "HTTP/1.1 200 OK"
2026-05-26 12:27:10  INFO      engine  [RF-Check] http://emplog.grapesonline.net/Employee/GetEmployeeDetails → 200 {"status":200,"Data":[{"EmpID":20148,"EmployeeName":"ABHAY RAMESH","DoorStatus":"IN","Checkinstatus":"IN","ExitType":nul
2026-05-26 12:27:10  INFO      engine  [RF-Check] Bypassing status 'IN' (Camera: Dev Entrance, Dept: EMBEDED)
2026-05-26 12:27:10  INFO      processor  [Monitor:Dev Entrance] ✅ ACCESS GRANTED: 'abhay'
2026-05-26 12:27:10  INFO      processor  [Monitor:Dev Entrance] Scene: 1 face(s) | Known: abhay
2026-05-26 12:27:10  INFO      httpx  HTTP Request: POST http://192.168.0.251:3596/api/User/SendTextToSpeaker?DeviceID=G-5889-6B1B-5AE0&Message=Hello%2C%20%2C%20%2C%20abhay.%20Welcome%20back%20to%20the%20facility.%20Have%20a%20great%20day%20ahead.&VoiceOption=Microsoft%20Zira%20Desktop "HTTP/1.1 200 OK"
2026-05-26 12:27:10  INFO      engine  [Speaker-API] Sent: 'Hello, , , abhay. Welcome back to the facility. Have a great day ahead.' (Device: G-5889-6B1B-5AE0) Status: 200
2026-05-26 12:27:10  INFO      processor  [Monitor:Dev Entrance] Scene: 1 face(s) | Known: abhay
2026-05-26 12:27:10  INFO      engine  [Door-WS] Dev Entrance → WebSocket sent: OPEN_DOOR
2026-05-26 12:27:11  INFO      engine  [Engine] Wake-on-LAN magic packet sent to 7C:57:58:3E:CE:2E
2026-05-26 12:27:11  INFO      processor  [Monitor:Dev Entrance] Scene: 1 face(s) | Known: abhay
2026-05-26 12:27:11  INFO      processor  [Monitor:Dev Entrance] Scene: 1 face(s) | Known: abhay
2026-05-26 12:27:11  INFO      processor  [Monitor:Dev Entrance] Scene: 1 face(s) | Known: abhay
2026-05-26 12:27:11  INFO      processor  [Monitor:Dev Entrance] Scene: 1 face(s) | Known: abhay
2026-05-26 12:27:11  INFO      processor  [Monitor:Dev Entrance] Scene: 1 face(s) | Known: abhay
2026-05-26 12:27:11  INFO      processor  [Monitor:Dev Entrance] Scene: 1 face(s) | Known: abhay
2026-05-26 12:27:11  INFO      processor  [Monitor:Dev Entrance] Scene: 1 face(s) | Known: abhay
2026-05-26 12:27:12  INFO      processor  [Monitor:Dev Entrance] Scene: 1 face(s) | Known: abhay
2026-05-26 12:27:12  INFO      processor  [Monitor:Dev Entrance] Scene: 1 face(s) | Known: abhay
2026-05-26 12:27:12  INFO      processor  [Monitor:Dev Entrance] Scene: 1 face(s) | Known: ROHIT DATTA DIDUGU
2026-05-26 12:27:15  INFO      processor  [Monitor:Dev Exit] Scene: 1 unknown face(s) detected.
2026-05-26 12:28:47  INFO      processor  [Monitor:Dev Entrance] Scene: 1 unknown face(s) detected.
2026-05-26 12:28:55  INFO      processor  [Monitor:Dev Exit] Scene: 1 unknown face(s) detected.
2026-05-26 12:33:27  INFO      processor  [Monitor:Dev Exit] Scene: 1 unknown face(s) detected.
2026-05-26 12:34:03  INFO      processor  [Monitor:Dev Exit] Scene: 1 unknown face(s) detected.
2026-05-26 12:34:13  INFO      processor  [Monitor:Dev Entrance] Scene: 1 unknown face(s) detected.
2026-05-26 12:35:08  INFO      processor  [Monitor:Dev Exit] Scene: 1 unknown face(s) detected.
2026-05-26 12:35:14  INFO      processor  [Monitor:Dev Entrance] Scene: 1 unknown face(s) detected.
2026-05-26 12:35:33  WARNING   database  [DB] get_audit_image attempt 1/3 failed: ('08S01', '[08S01] [Microsoft][ODBC Driver 18 for SQL Server]TCP Provider: A connection attempt failed because the connected party did not properly respond after a period of time, or established connection failed because connected host has failed to respond.\r\n (10060) (SQLExecDirectW); [08S01] [Microsoft][ODBC Driver 18 for SQL Server]Communication link failure (10060)')
2026-05-26 12:36:14  WARNING   database  [DB] get_audit_image attempt 2/3 failed: ('08S01', '[08S01] [Microsoft][ODBC Driver 18 for SQL Server]TCP Provider: A connection attempt failed because the connected party did not properly respond after a period of time, or established connection failed because connected host has failed to respond.\r\n (10060) (SQLExecDirectW); [08S01] [Microsoft][ODBC Driver 18 for SQL Server]Communication link failure (10060)')
2026-05-26 12:36:21  WARNING   database  [DB] Thread-local connection lost — reconnecting.
2026-05-26 12:38:13  INFO      processor  [Monitor:Dev Exit] Scene: 1 unknown face(s) detected.
2026-05-26 12:39:28  INFO      processor  [Monitor:Dev Exit] Scene: 1 unknown face(s) detected.
2026-05-26 12:42:04  INFO      processor  [Monitor:Dev Exit] Scene: 1 unknown face(s) detected.
2026-05-26 12:42:20  INFO      processor  [Monitor:Dev Exit] Scene: 1 face(s) | Known: MANUPRASAD
2026-05-26 12:42:20  INFO      processor  [Monitor:Dev Exit] Scene: 1 face(s) | Known: MANUPRASAD
2026-05-26 12:42:22  INFO      processor  [Monitor:Dev Exit] Scene: 1 face(s) | Known: MANUPRASAD
2026-05-26 12:42:23  INFO      processor  [Monitor:Dev Exit] Scene: 1 face(s) | Known: MANUPRASAD
2026-05-26 12:42:35  INFO      processor  [Monitor:Dev Exit] Scene: 1 unknown face(s) detected.
2026-05-26 12:42:51  WARNING   database  [DB] Thread-local connection lost — reconnecting.
2026-05-26 12:43:13  INFO      processor  [Monitor:Dev Entrance] Scene: 1 unknown face(s) detected.
2026-05-26 12:45:40  INFO      processor  [Monitor:Dev Entrance] Scene: 1 unknown face(s) detected.
2026-05-26 12:45:45  INFO      processor  [Monitor:Dev Exit] Scene: 1 unknown face(s) detected.
2026-05-26 12:46:28  INFO      processor  [Monitor:Dev Entrance] Scene: 1 unknown face(s) detected.
2026-05-26 12:46:29  INFO      processor  [Monitor:Dev Entrance] Scene: 1 face(s) | Known: Jerald Nepoleon
2026-05-26 12:46:29  INFO      processor  [Monitor:Dev Entrance] Scene: 1 face(s) | Known: Jerald Nepoleon
2026-05-26 12:46:29  INFO      processor  [Monitor:Dev Entrance] Scene: 1 face(s) | Known: Jerald Nepoleon
2026-05-26 12:46:29  INFO      processor  [Monitor:Dev Entrance] 🔒 Cooldown set for 'Jerald Nepoleon' — same=30s, others=10s
2026-05-26 12:46:29  INFO      processor  [Monitor:Dev Entrance] ✅ ACCESS GRANTED: 'Jerald Nepoleon'
2026-05-26 12:46:29  INFO      processor  [Monitor:Dev Entrance] Scene: 1 face(s) | Known: Jerald Nepoleon
2026-05-26 12:46:29  INFO      engine  [Door-WS] Dev Entrance → WebSocket sent: OPEN_DOOR
2026-05-26 12:46:29  INFO      httpx  HTTP Request: POST http://192.168.0.251:3596/api/User/SendTextToSpeaker?DeviceID=G-5889-6B1B-5AE0&Message=Good%20to%20see%20you%2C%20%2C%20%2C%20Jerald%20Nepoleon.%20We%20hope%20you%20have%20a%20successful%20and%20pleasant%20day%20today.&VoiceOption=Microsoft%20Zira%20Desktop "HTTP/1.1 200 OK"
2026-05-26 12:46:29  INFO      engine  [Speaker-API] Sent: 'Good to see you, , , Jerald Nepoleon. We hope you have a successful and pleasant day today.' (Device: G-5889-6B1B-5AE0) Status: 200
2026-05-26 12:46:30  INFO      processor  [Monitor:Dev Entrance] Scene: 1 face(s) | Known: Jerald Nepoleon
2026-05-26 12:46:30  INFO      processor  [Monitor:Dev Entrance] Scene: 1 face(s) | Known: Jerald Nepoleon
2026-05-26 12:46:30  INFO      processor  [Monitor:Dev Entrance] Scene: 1 face(s) | Known: Jerald Nepoleon
2026-05-26 12:46:30  INFO      processor  [Monitor:Dev Entrance] Scene: 1 face(s) | Known: Jerald Nepoleon
2026-05-26 12:46:30  INFO      processor  [Monitor:Dev Entrance] Scene: 1 face(s) | Known: Jerald Nepoleon
2026-05-26 12:46:30  INFO      processor  [Monitor:Dev Entrance] Scene: 1 face(s) | Known: Jerald Nepoleon
2026-05-26 12:46:30  INFO      processor  [Monitor:Dev Entrance] Scene: 1 face(s) | Known: Jerald Nepoleon
2026-05-26 12:46:30  INFO      processor  [Monitor:Dev Entrance] Scene: 1 face(s) | Known: Jerald Nepoleon
2026-05-26 12:46:31  INFO      processor  [Monitor:Dev Entrance] Scene: 1 face(s) | Known: Jerald Nepoleon
2026-05-26 12:46:31  INFO      processor  [Monitor:Dev Entrance] Scene: 1 face(s) | Known: Jerald Nepoleon
2026-05-26 12:46:31  INFO      processor  [Monitor:Dev Entrance] Scene: 1 face(s) | Known: Jerald Nepoleon
2026-05-26 12:46:34  INFO      processor  [Monitor:Dev Entrance] Scene: 1 face(s) | Known: SACHIN E L
2026-05-26 12:46:34  INFO      processor  [Monitor:Dev Entrance] Scene: 1 face(s) | Known: SACHIN E L
2026-05-26 12:46:34  INFO      processor  [Monitor:Dev Entrance] Scene: 1 face(s) | Known: SACHIN E L
2026-05-26 12:46:34  INFO      processor  [Monitor:Dev Entrance] 🔒 Cooldown set for 'SACHIN E L' — same=30s, others=10s
2026-05-26 12:46:34  INFO      processor  [Monitor:Dev Entrance] Scene: 1 face(s) | Known: SACHIN E L
2026-05-26 12:46:34  INFO      processor  [Monitor:Dev Entrance] Scene: 1 face(s) | Known: SACHIN E L
2026-05-26 12:46:34  INFO      processor  [Monitor:Dev Entrance] Scene: 1 face(s) | Known: SACHIN E L
2026-05-26 12:46:34  INFO      processor  [Monitor:Dev Exit] Scene: 1 unknown face(s) detected.
2026-05-26 12:46:34  INFO      processor  [Monitor:Dev Entrance] Scene: 1 face(s) | Known: SACHIN E L
2026-05-26 12:46:34  INFO      processor  [Monitor:Dev Entrance] Scene: 1 face(s) | Known: SACHIN E L
2026-05-26 12:46:34  INFO      httpx  HTTP Request: GET http://emplog.grapesonline.net/Employee/GetEmployeeDetails?RfID=0000662747 "HTTP/1.1 200 OK"
2026-05-26 12:46:34  INFO      engine  [RF-Check] http://emplog.grapesonline.net/Employee/GetEmployeeDetails → 200 {"status":200,"Data":[{"EmpID":3,"EmployeeName":"SACHIN E L","DoorStatus":"IN","Checkinstatus":"RdytoChkIn","ExitType":n
2026-05-26 12:46:34  INFO      processor  [Monitor:Dev Entrance] ✅ ACCESS GRANTED: 'SACHIN E L'
2026-05-26 12:46:35  INFO      processor  [Monitor:Dev Entrance] Scene: 1 face(s) | Known: SACHIN E L
2026-05-26 12:46:35  INFO      httpx  HTTP Request: POST http://192.168.0.251:3596/api/User/SendTextToSpeaker?DeviceID=G-5889-6B1B-5AE0&Message=Good%20to%20see%20you%2C%20%2C%20%2C%20SACHIN%20E%20L.%20We%20hope%20you%20have%20a%20successful%20and%20pleasant%20day%20today.&VoiceOption=Microsoft%20Zira%20Desktop "HTTP/1.1 200 OK"
2026-05-26 12:46:35  INFO      engine  [Speaker-API] Sent: 'Good to see you, , , SACHIN E L. We hope you have a successful and pleasant day today.' (Device: G-5889-6B1B-5AE0) Status: 200
2026-05-26 12:46:35  INFO      processor  [Monitor:Dev Entrance] Scene: 1 face(s) | Known: SACHIN E L
2026-05-26 12:46:35  INFO      engine  [Door-WS] Dev Entrance → WebSocket sent: OPEN_DOOR
2026-05-26 12:46:35  INFO      processor  [Monitor:Dev Entrance] Scene: 1 face(s) | Known: SACHIN E L
2026-05-26 12:46:35  INFO      processor  [Monitor:Dev Entrance] Scene: 1 face(s) | Known: SACHIN E L
2026-05-26 12:46:35  INFO      processor  [Monitor:Dev Entrance] Scene: 1 face(s) | Known: SACHIN E L
2026-05-26 12:46:35  INFO      processor  [Monitor:Dev Entrance] Scene: 1 face(s) | Known: SACHIN E L
2026-05-26 12:46:35  INFO      httpx  HTTP Request: POST http://emplog.grapesonline.net/Employee/LogEmployeeEntry?MacAddress=84:1F:E8:24:A0:5C&EmployeeID=3&Status=IN "HTTP/1.1 200 OK"
2026-05-26 12:46:35  INFO      processor  [Monitor:Dev Entrance] Scene: 1 face(s) | Known: SACHIN E L
2026-05-26 12:46:36  INFO      processor  [Monitor:Dev Entrance] Scene: 1 face(s) | Known: AJITH JOSEPH
2026-05-26 12:46:36  INFO      processor  [Monitor:Dev Entrance] Scene: 1 face(s) | Known: AJITH JOSEPH
2026-05-26 12:46:36  INFO      processor  [Monitor:Dev Entrance] Scene: 1 face(s) | Known: AJITH JOSEPH
2026-05-26 12:46:36  INFO      processor  [Monitor:Dev Entrance] 🔒 Cooldown set for 'AJITH JOSEPH' — same=30s, others=10s
2026-05-26 12:46:36  INFO      processor  [Monitor:Dev Entrance] Scene: 1 face(s) | Known: AJITH JOSEPH
2026-05-26 12:46:37  INFO      httpx  HTTP Request: GET http://emplog.grapesonline.net/Employee/GetEmployeeDetails?RfID=0004816470 "HTTP/1.1 200 OK"
2026-05-26 12:46:37  INFO      engine  [RF-Check] http://emplog.grapesonline.net/Employee/GetEmployeeDetails → 200 {"status":200,"Data":[{"EmpID":21,"EmployeeName":"AJITH JOSEPH","DoorStatus":"IN","Checkinstatus":"RdytoChkIn","ExitType
2026-05-26 12:46:37  INFO      processor  [Monitor:Dev Entrance] ✅ ACCESS GRANTED: 'AJITH JOSEPH'
2026-05-26 12:46:37  INFO      processor  [Monitor:Dev Entrance] Scene: 1 face(s) | Known: AJITH JOSEPH
2026-05-26 12:46:37  INFO      httpx  HTTP Request: POST http://192.168.0.251:3596/api/User/SendTextToSpeaker?DeviceID=G-5889-6B1B-5AE0&Message=Good%20Afternoon%2C%20%2C%20%2C%20AJITH%20JOSEPH.%20A%20very%20warm%20welcome%20to%20you.%20Wishing%20you%20a%20productive%20and%20wonderful%20day.&VoiceOption=Microsoft%20Zira%20Desktop "HTTP/1.1 200 OK"
2026-05-26 12:46:37  INFO      engine  [Speaker-API] Sent: 'Good Afternoon, , , AJITH JOSEPH. A very warm welcome to you. Wishing you a productive and wonderful day.' (Device: G-5889-6B1B-5AE0) Status: 200
2026-05-26 12:46:37  INFO      engine  [Door-WS] Dev Entrance → WebSocket sent: OPEN_DOOR
2026-05-26 12:46:37  INFO      processor  [Monitor:Dev Entrance] Scene: 1 face(s) | Known: AJITH JOSEPH
2026-05-26 12:46:37  INFO      processor  [Monitor:Dev Entrance] Scene: 1 face(s) | Known: AJITH JOSEPH
2026-05-26 12:46:37  INFO      processor  [Monitor:Dev Entrance] Scene: 1 face(s) | Known: AJITH JOSEPH
2026-05-26 12:46:37  INFO      processor  [Monitor:Dev Entrance] Scene: 1 face(s) | Known: AJITH JOSEPH
2026-05-26 12:46:37  INFO      httpx  HTTP Request: POST http://emplog.grapesonline.net/Employee/LogEmployeeEntry?MacAddress=84:1F:E8:24:A0:5C&EmployeeID=21&Status=IN "HTTP/1.1 200 OK"
2026-05-26 12:58:16  INFO      main    Shutdown initiated ...
2026-05-26 12:58:16  INFO      processor  [RTSP:Dev Exit] Capture thread stopped.
2026-05-26 12:58:16  INFO      processor  [RTSP:Dev Entrance] Capture thread stopped.
2026-05-26 12:58:16  INFO      processor  [Processor] All camera monitors stopped.
2026-05-26 12:58:18  INFO      main  ============================================================
2026-05-26 12:58:18  INFO      main    FastAPI Door Access System — starting up ...
2026-05-26 12:58:18  INFO      main  ============================================================
2026-05-26 12:58:18  INFO      database  [DB] Schema initialised.
2026-05-26 12:58:18  INFO      main  [System] Running network diagnostics for cameras...
2026-05-26 12:58:18  INFO      main  [Diag:Dev Exit] ✅ Camera network reachable (Port 554)
2026-05-26 12:58:18  INFO      main  [Diag:Dev Entrance] ✅ Camera network reachable (Port 554)
2026-05-26 12:58:18  INFO      main  [Diag:Kinfra Exit] ✅ Camera network reachable (Port 554)
2026-05-26 12:58:18  INFO      main  [Diag:Kinfra Entrance] ✅ Camera network reachable (Port 554)
2026-05-26 12:58:18  INFO      database  [DB] Fetching all embeddings from SQL...
2026-05-26 12:58:18  INFO      database  [DB] SQL returned 25 rows.
2026-05-26 12:58:18  INFO      processor  [Processor] Camera 'Kinfra Exit' DISABLED — skipping.
2026-05-26 12:58:18  INFO      processor  [Processor] Camera 'Kinfra Entrance' DISABLED — skipping.
2026-05-26 12:58:18  INFO      processor  [Processor] Initialised 2 active camera(s).
2026-05-26 12:58:18  INFO      main    Startup complete. API ready on http://0.0.0.0:8000
2026-05-26 12:58:18  INFO      processor  [Monitor:Dev Exit] Vision pipeline starting.
2026-05-26 12:58:18  INFO      processor  [RTSP:Dev Exit] Connecting... (retry delay=2.0s)
2026-05-26 12:58:18  INFO      processor  [RTSP:Dev Exit] Capture thread started (target=10 FPS).
2026-05-26 12:58:18  INFO      processor  [Monitor:Dev Entrance] Vision pipeline starting.
2026-05-26 12:58:18  INFO      processor  [RTSP:Dev Entrance] Connecting... (retry delay=2.0s)
2026-05-26 12:58:18  INFO      processor  [RTSP:Dev Entrance] Capture thread started (target=10 FPS).
2026-05-26 12:58:19  INFO      main    Shutdown initiated ...
2026-05-26 12:58:19  INFO      database  [DB] Purged audit records older than 7 days.
2026-05-26 12:58:20  INFO      processor  [RTSP:Dev Exit] Connected successfully.
2026-05-26 12:58:20  INFO      processor  [RTSP:Dev Exit] Capture thread stopped.
2026-05-26 12:58:21  INFO      processor  [RTSP:Dev Entrance] Connected successfully.
2026-05-26 12:58:21  INFO      processor  [RTSP:Dev Entrance] Capture thread stopped.
2026-05-26 12:58:21  INFO      processor  [Processor] All camera monitors stopped.
2026-05-26 12:58:22  INFO      main  ============================================================
2026-05-26 12:58:22  INFO      main    FastAPI Door Access System — starting up ...
2026-05-26 12:58:22  INFO      main  ============================================================
2026-05-26 12:58:22  INFO      database  [DB] Schema initialised.
2026-05-26 12:58:22  INFO      main  [System] Running network diagnostics for cameras...
2026-05-26 12:58:22  INFO      main  [Diag:Dev Exit] ✅ Camera network reachable (Port 554)
2026-05-26 12:58:22  INFO      main  [Diag:Dev Entrance] ✅ Camera network reachable (Port 554)
2026-05-26 12:58:22  INFO      main  [Diag:Kinfra Exit] ✅ Camera network reachable (Port 554)
2026-05-26 12:58:22  INFO      main  [Diag:Kinfra Entrance] ✅ Camera network reachable (Port 554)
2026-05-26 12:58:22  INFO      database  [DB] Fetching all embeddings from SQL...
2026-05-26 12:58:22  INFO      database  [DB] SQL returned 25 rows.
2026-05-26 12:58:22  INFO      processor  [Processor] Camera 'Kinfra Exit' DISABLED — skipping.
2026-05-26 12:58:22  INFO      processor  [Processor] Camera 'Kinfra Entrance' DISABLED — skipping.
2026-05-26 12:58:22  INFO      processor  [Processor] Initialised 2 active camera(s).
2026-05-26 12:58:22  INFO      main    Startup complete. API ready on http://0.0.0.0:8000
2026-05-26 12:58:22  INFO      processor  [Monitor:Dev Exit] Vision pipeline starting.
2026-05-26 12:58:22  INFO      processor  [RTSP:Dev Exit] Connecting... (retry delay=2.0s)
2026-05-26 12:58:22  INFO      processor  [RTSP:Dev Exit] Capture thread started (target=10 FPS).
2026-05-26 12:58:22  INFO      processor  [Monitor:Dev Entrance] Vision pipeline starting.
2026-05-26 12:58:22  INFO      processor  [RTSP:Dev Entrance] Connecting... (retry delay=2.0s)
2026-05-26 12:58:22  INFO      processor  [RTSP:Dev Entrance] Capture thread started (target=10 FPS).
2026-05-26 12:58:23  INFO      database  [DB] Purged audit records older than 7 days.
2026-05-26 12:58:24  INFO      processor  [RTSP:Dev Exit] Connected successfully.
2026-05-26 12:58:24  INFO      engine  [Engine] Loading Unified FaceAnalysis (640x640) on GPU (Accelerated)...
2026-05-26 12:58:24  INFO      engine  [Engine] Unified Engine Ready.
2026-05-26 12:58:25  INFO      processor  [RTSP:Dev Entrance] Connected successfully.
2026-05-26 14:13:06  INFO      main  ============================================================
2026-05-26 14:13:06  INFO      main    FastAPI Door Access System — starting up ...
2026-05-26 14:13:06  INFO      main  ============================================================
2026-05-26 14:13:07  INFO      database  [DB] Schema initialised.
2026-05-26 14:13:07  INFO      main  [System] Running network diagnostics for cameras...
2026-05-26 14:13:07  INFO      main  [Diag:Dev Exit] ✅ Camera network reachable (Port 554)
2026-05-26 14:13:07  INFO      main  [Diag:Dev Entrance] ✅ Camera network reachable (Port 554)
2026-05-26 14:13:07  INFO      main  [Diag:Kinfra Exit] ✅ Camera network reachable (Port 554)
2026-05-26 14:13:07  INFO      main  [Diag:Kinfra Entrance] ✅ Camera network reachable (Port 554)
2026-05-26 14:13:07  INFO      database  [DB] Fetching all embeddings from SQL...
2026-05-26 14:13:07  INFO      database  [DB] SQL returned 25 rows.
2026-05-26 14:13:07  INFO      processor  [Processor] Camera 'Kinfra Exit' DISABLED — skipping.
2026-05-26 14:13:07  INFO      processor  [Processor] Camera 'Kinfra Entrance' DISABLED — skipping.
2026-05-26 14:13:07  INFO      processor  [Processor] Initialised 2 active camera(s).
2026-05-26 14:13:07  INFO      main    Startup complete. API ready on http://0.0.0.0:8000
2026-05-26 14:13:07  INFO      processor  [Monitor:Dev Exit] Vision pipeline starting.
2026-05-26 14:13:07  INFO      processor  [RTSP:Dev Exit] Connecting... (retry delay=2.0s)
2026-05-26 14:13:07  INFO      processor  [RTSP:Dev Exit] Capture thread started (target=10 FPS).
2026-05-26 14:13:07  INFO      processor  [Monitor:Dev Entrance] Vision pipeline starting.
2026-05-26 14:13:07  INFO      processor  [RTSP:Dev Entrance] Connecting... (retry delay=2.0s)
2026-05-26 14:13:07  INFO      processor  [RTSP:Dev Entrance] Capture thread started (target=10 FPS).
2026-05-26 14:13:07  INFO      database  [DB] Purged audit records older than 7 days.
2026-05-26 14:13:08  INFO      processor  [RTSP:Dev Exit] Connected successfully.
2026-05-26 14:13:08  INFO      engine  [Engine] Loading Unified FaceAnalysis (640x640) on GPU (Accelerated)...
2026-05-26 14:13:08  INFO      engine  [Engine] Unified Engine Ready.
2026-05-26 14:13:09  INFO      processor  [RTSP:Dev Entrance] Connected successfully.
2026-05-26 14:13:45  WARNING   database  [DB] get_audit_image attempt 1/3 failed: ('HYT00', '[HYT00] [Microsoft][ODBC Driver 18 for SQL Server]Query timeout expired (0) (SQLExecDirectW)')
2026-05-26 14:13:56  WARNING   database  [DB] get_audit_image attempt 2/3 failed: ('HYT00', '[HYT00] [Microsoft][ODBC Driver 18 for SQL Server]Query timeout expired (0) (SQLExecDirectW)')
2026-05-26 14:14:07  INFO      database  [DB] Starting periodic maintenance...
2026-05-26 14:14:07  INFO      database  [DB] Purged audit records older than 7 days.
2026-05-26 14:14:07  INFO      database  [DB] Maintenance complete. Access logs older than 2 days purged.
2026-05-26 14:14:07  WARNING   database  [DB] get_audit_image attempt 3/3 failed: ('HYT00', '[HYT00] [Microsoft][ODBC Driver 18 for SQL Server]Query timeout expired (0) (SQLExecDirectW)')
2026-05-26 14:14:10  INFO      processor  [Monitor:Dev Exit] Scene: 1 unknown face(s) detected.
2026-05-26 14:14:11  INFO      processor  [Monitor:Dev Exit] Scene: 1 face(s) | Known: abhay
2026-05-26 14:14:11  INFO      processor  [Monitor:Dev Exit] Scene: 1 face(s) | Known: abhay
2026-05-26 14:14:11  INFO      processor  [Monitor:Dev Exit] Scene: 1 face(s) | Known: abhay
2026-05-26 14:14:11  INFO      processor  [Monitor:Dev Exit] 🔒 Cooldown set for 'abhay' — same=30s, others=10s
2026-05-26 14:14:11  INFO      processor  [Monitor:Dev Exit] Scene: 1 face(s) | Known: abhay
2026-05-26 14:14:11  INFO      processor  [Monitor:Dev Exit] Scene: 1 face(s) | Known: abhay
2026-05-26 14:14:11  INFO      processor  [Monitor:Dev Exit] Scene: 1 face(s) | Known: abhay
2026-05-26 14:14:12  INFO      processor  [Monitor:Dev Exit] Scene: 1 face(s) | Known: abhay
2026-05-26 14:14:12  INFO      processor  [Monitor:Dev Exit] Scene: 1 face(s) | Known: abhay
2026-05-26 14:14:12  INFO      processor  [Monitor:Dev Exit] Scene: 1 face(s) | Known: abhay
2026-05-26 14:14:12  INFO      processor  [Monitor:Dev Exit] Scene: 1 face(s) | Known: abhay
2026-05-26 14:14:12  INFO      processor  [Monitor:Dev Exit] Scene: 1 face(s) | Known: abhay
2026-05-26 14:14:12  INFO      processor  [Monitor:Dev Exit] Scene: 1 face(s) | Known: abhay
2026-05-26 14:14:12  INFO      processor  [Monitor:Dev Exit] Scene: 1 face(s) | Known: abhay
2026-05-26 14:14:12  INFO      processor  [Monitor:Dev Exit] Scene: 1 face(s) | Known: abhay
2026-05-26 14:14:12  INFO      processor  [Monitor:Dev Exit] Scene: 1 face(s) | Known: abhay
2026-05-26 14:14:13  INFO      processor  [Monitor:Dev Exit] Scene: 1 face(s) | Known: abhay
2026-05-26 14:14:13  INFO      processor  [Monitor:Dev Exit] Scene: 1 face(s) | Known: abhay
2026-05-26 14:14:13  INFO      processor  [Monitor:Dev Exit] Scene: 1 face(s) | Known: abhay
2026-05-26 14:14:13  INFO      httpx  HTTP Request: GET http://emplog.grapesonline.net/Employee/GetEmployeeDetails?RfID=0008941168 "HTTP/1.1 200 OK"
2026-05-26 14:14:13  INFO      engine  [RF-Check] http://emplog.grapesonline.net/Employee/GetEmployeeDetails → 200 {"status":200,"Data":[{"EmpID":20148,"EmployeeName":"ABHAY RAMESH","DoorStatus":"IN","Checkinstatus":"IN","ExitType":nul
2026-05-26 14:14:13  INFO      engine  [RF-Check] Bypassing status 'IN' (Camera: Dev Exit, Dept: EMBEDED)
2026-05-26 14:14:13  INFO      processor  [Monitor:Dev Exit] Scene: 1 face(s) | Known: abhay
2026-05-26 14:14:13  INFO      processor  [Monitor:Dev Exit] ✅ ACCESS GRANTED: 'abhay'
2026-05-26 14:14:13  INFO      processor  [Monitor:Dev Exit] Scene: 1 face(s) | Known: abhay
2026-05-26 14:14:13  INFO      httpx  HTTP Request: POST http://192.168.0.251:3596/api/User/SendTextToSpeaker?DeviceID=G-5889-6B1B-5AE0&Message=Take%20care%2C%20%2C%20%2C%20abhay.%20It%20was%20a%20pleasure%20having%20you%20here%20today.%20Goodbye.&VoiceOption=Microsoft%20Zira%20Desktop "HTTP/1.1 200 OK"
2026-05-26 14:14:13  INFO      engine  [Door-WS] Dev Exit → WebSocket sent: OPEN_DOOR
2026-05-26 14:14:13  INFO      engine  [Speaker-API] Sent: 'Take care, , , abhay. It was a pleasure having you here today. Goodbye.' (Device: G-5889-6B1B-5AE0) Status: 200
2026-05-26 14:14:13  INFO      processor  [Monitor:Dev Exit] Scene: 1 face(s) | Known: abhay
2026-05-26 14:14:13  INFO      processor  [Monitor:Dev Exit] Scene: 1 face(s) | Known: abhay
2026-05-26 14:14:13  INFO      processor  [Monitor:Dev Exit] Scene: 1 face(s) | Known: abhay
2026-05-26 14:14:13  INFO      processor  [Monitor:Dev Exit] Scene: 1 face(s) | Known: abhay
2026-05-26 14:14:14  INFO      processor  [Monitor:Dev Exit] Scene: 1 face(s) | Known: abhay
2026-05-26 14:14:14  INFO      engine  [Engine] Lock signal sent to 192.168.1.77
2026-05-26 14:14:14  INFO      processor  [Monitor:Dev Exit] Scene: 1 face(s) | Known: abhay
2026-05-26 14:14:14  INFO      httpx  HTTP Request: POST http://emplog.grapesonline.net/Employee/LogEmployeeEntry?MacAddress=84:1F:E8:24:A0:5C&EmployeeID=20148&Status=OUT "HTTP/1.1 200 OK"
2026-05-26 14:14:14  INFO      processor  [Monitor:Dev Exit] Scene: 1 face(s) | Known: abhay
2026-05-26 14:14:14  INFO      engine  [Engine] ⚡ AUTO-OPTIMIZED identity for 'abhay' (Face model refreshed).
2026-05-26 14:14:14  INFO      engine  [Engine] Fetching embeddings from database...
2026-05-26 14:14:14  INFO      database  [DB] Fetching all embeddings from SQL...
2026-05-26 14:14:14  INFO      database  [DB] SQL returned 25 rows.
2026-05-26 14:14:14  INFO      engine  [Engine] Fetched data for 25 employees.
2026-05-26 14:14:14  INFO      engine  [Engine] Building HNSW index with 65 vectors in background...
2026-05-26 14:14:14  INFO      engine  [Engine] Index ready (65 vectors).
2026-05-26 14:14:14  INFO      processor  [Monitor:Dev Exit] Scene: 1 face(s) | Known: abhay
2026-05-26 14:14:14  INFO      processor  [Monitor:Dev Exit] Scene: 1 face(s) | Known: abhay
2026-05-26 14:14:14  INFO      processor  [Monitor:Dev Exit] Scene: 1 face(s) | Known: abhay
2026-05-26 14:14:14  INFO      processor  [Monitor:Dev Exit] Scene: 1 face(s) | Known: abhay
2026-05-26 14:14:14  INFO      database  [DB] FAISS index blob saved to SQL system_config.
2026-05-26 14:14:14  INFO      processor  [Monitor:Dev Exit] Scene: 1 face(s) | Known: abhay
2026-05-26 14:14:14  INFO      processor  [Monitor:Dev Exit] Scene: 1 face(s) | Known: abhay
2026-05-26 14:14:15  INFO      processor  [Monitor:Dev Exit] Scene: 1 face(s) | Known: abhay
2026-05-26 14:14:15  INFO      processor  [Monitor:Dev Exit] Scene: 1 face(s) | Known: abhay
2026-05-26 14:14:15  INFO      processor  [Monitor:Dev Exit] Scene: 1 face(s) | Known: abhay
2026-05-26 14:14:15  INFO      processor  [Monitor:Dev Exit] Scene: 1 face(s) | Known: abhay
2026-05-26 14:14:15  INFO      processor  [Monitor:Dev Exit] Scene: 1 face(s) | Known: abhay
2026-05-26 14:15:39  INFO      processor  [Monitor:Dev Entrance] Scene: 1 unknown face(s) detected.
2026-05-26 14:15:44  INFO      processor  [Monitor:Dev Exit] Scene: 1 unknown face(s) detected.
2026-05-26 14:18:33  INFO      processor  [Monitor:Dev Entrance] Scene: 1 unknown face(s) detected.
2026-05-26 14:18:33  INFO      processor  [Monitor:Dev Entrance] Scene: 1 face(s) | Known: ALOSIOUS
2026-05-26 14:18:33  INFO      processor  [Monitor:Dev Entrance] Scene: 1 face(s) | Known: ALOSIOUS
2026-05-26 14:18:33  INFO      processor  [Monitor:Dev Entrance] Scene: 1 face(s) | Known: ALOSIOUS
2026-05-26 14:18:33  INFO      processor  [Monitor:Dev Entrance] 🔒 Cooldown set for 'ALOSIOUS' — same=30s, others=10s
2026-05-26 14:18:33  INFO      processor  [Monitor:Dev Entrance] Scene: 1 face(s) | Known: ALOSIOUS
2026-05-26 14:18:35  INFO      httpx  HTTP Request: GET http://emplog.grapesonline.net/Employee/GetEmployeeDetails?RfID=0001905253 "HTTP/1.1 200 OK"
2026-05-26 14:18:35  INFO      engine  [RF-Check] http://emplog.grapesonline.net/Employee/GetEmployeeDetails → 200 {"status":200,"Data":[{"EmpID":86,"EmployeeName":"ALOSIOUS JOY","DoorStatus":"IN","Checkinstatus":"RdytoChkIn","ExitType
2026-05-26 14:18:35  INFO      processor  [Monitor:Dev Entrance] ✅ ACCESS GRANTED: 'ALOSIOUS'
2026-05-26 14:18:35  INFO      engine  [Door-WS] Dev Entrance → WebSocket sent: OPEN_DOOR
2026-05-26 14:18:35  INFO      httpx  HTTP Request: POST http://192.168.0.251:3596/api/User/SendTextToSpeaker?DeviceID=G-5889-6B1B-5AE0&Message=Good%20Afternoon%2C%20%2C%20%2C%20ALOSIOUS.%20A%20very%20warm%20welcome%20to%20you.%20Wishing%20you%20a%20productive%20and%20wonderful%20day.&VoiceOption=Microsoft%20Zira%20Desktop "HTTP/1.1 200 OK"
2026-05-26 14:18:35  INFO      engine  [Speaker-API] Sent: 'Good Afternoon, , , ALOSIOUS. A very warm welcome to you. Wishing you a productive and wonderful day.' (Device: G-5889-6B1B-5AE0) Status: 200
2026-05-26 14:18:36  INFO      httpx  HTTP Request: POST http://emplog.grapesonline.net/Employee/LogEmployeeEntry?MacAddress=84:1F:E8:24:A0:5C&EmployeeID=86&Status=IN "HTTP/1.1 200 OK"
2026-05-26 14:18:38  INFO      processor  [Monitor:Dev Exit] Scene: 1 unknown face(s) detected.
2026-05-26 14:19:25  INFO      processor  [Monitor:Dev Exit] Scene: 1 unknown face(s) detected.
2026-05-26 14:22:17  INFO      processor  [Monitor:Dev Entrance] Scene: 1 unknown face(s) detected.
2026-05-26 14:22:23  INFO      processor  [Monitor:Dev Exit] Scene: 1 unknown face(s) detected.
2026-05-26 14:23:14  INFO      processor  [Monitor:Dev Entrance] Scene: 1 unknown face(s) detected.
2026-05-26 14:23:18  INFO      processor  [Monitor:Dev Entrance] Scene: 2 face(s) | Known: abhay
2026-05-26 14:23:18  INFO      processor  [Monitor:Dev Entrance] Scene: 2 face(s) | Known: abhay
2026-05-26 14:23:18  INFO      processor  [Monitor:Dev Entrance] Scene: 2 face(s) | Known: abhay
2026-05-26 14:23:18  INFO      processor  [Monitor:Dev Entrance] 🔒 Cooldown set for 'abhay' — same=30s, others=10s
2026-05-26 14:23:18  INFO      processor  [Monitor:Dev Entrance] Scene: 2 face(s) | Known: abhay
2026-05-26 14:23:18  INFO      processor  [Monitor:Dev Entrance] Scene: 1 face(s) | Known: abhay
2026-05-26 14:23:18  INFO      processor  [Monitor:Dev Entrance] Scene: 1 face(s) | Known: abhay
2026-05-26 14:23:18  INFO      processor  [Monitor:Dev Entrance] Scene: 1 face(s) | Known: abhay
2026-05-26 14:23:18  INFO      processor  [Monitor:Dev Entrance] Scene: 1 face(s) | Known: abhay
2026-05-26 14:23:18  INFO      processor  [Monitor:Dev Entrance] Scene: 1 face(s) | Known: abhay
2026-05-26 14:23:18  INFO      processor  [Monitor:Dev Entrance] Scene: 1 face(s) | Known: abhay
2026-05-26 14:23:19  INFO      processor  [Monitor:Dev Entrance] Scene: 1 face(s) | Known: abhay
2026-05-26 14:23:19  INFO      processor  [Monitor:Dev Entrance] Scene: 1 face(s) | Known: abhay
2026-05-26 14:23:19  INFO      processor  [Monitor:Dev Entrance] Scene: 1 face(s) | Known: abhay
2026-05-26 14:23:19  INFO      processor  [Monitor:Dev Entrance] Scene: 1 face(s) | Known: abhay
2026-05-26 14:23:19  INFO      processor  [Monitor:Dev Entrance] Scene: 1 face(s) | Known: abhay
2026-05-26 14:23:19  INFO      processor  [Monitor:Dev Entrance] Scene: 1 face(s) | Known: abhay
2026-05-26 14:23:19  INFO      processor  [Monitor:Dev Entrance] Scene: 1 face(s) | Known: abhay
2026-05-26 14:23:19  INFO      processor  [Monitor:Dev Entrance] Scene: 1 face(s) | Known: abhay
2026-05-26 14:23:19  INFO      httpx  HTTP Request: GET http://emplog.grapesonline.net/Employee/GetEmployeeDetails?RfID=0008941168 "HTTP/1.1 200 OK"
2026-05-26 14:23:19  INFO      engine  [RF-Check] http://emplog.grapesonline.net/Employee/GetEmployeeDetails → 200 {"status":200,"Data":[{"EmpID":20148,"EmployeeName":"ABHAY RAMESH","DoorStatus":"IN","Checkinstatus":"IN","ExitType":nul
2026-05-26 14:23:19  INFO      engine  [RF-Check] Bypassing status 'IN' (Camera: Dev Entrance, Dept: EMBEDED)
2026-05-26 14:23:19  INFO      processor  [Monitor:Dev Entrance] ✅ ACCESS GRANTED: 'abhay'
2026-05-26 14:23:20  INFO      processor  [Monitor:Dev Entrance] Scene: 1 face(s) | Known: abhay
2026-05-26 14:23:20  INFO      httpx  HTTP Request: POST http://192.168.0.251:3596/api/User/SendTextToSpeaker?DeviceID=G-5889-6B1B-5AE0&Message=Good%20to%20see%20you%2C%20%2C%20%2C%20abhay.%20We%20hope%20you%20have%20a%20successful%20and%20pleasant%20day%20today.&VoiceOption=Microsoft%20Zira%20Desktop "HTTP/1.1 200 OK"
2026-05-26 14:23:20  INFO      engine  [Door-WS] Dev Entrance → WebSocket sent: OPEN_DOOR
2026-05-26 14:23:20  INFO      engine  [Speaker-API] Sent: 'Good to see you, , , abhay. We hope you have a successful and pleasant day today.' (Device: G-5889-6B1B-5AE0) Status: 200
2026-05-26 14:23:20  INFO      processor  [Monitor:Dev Entrance] Scene: 1 face(s) | Known: abhay
2026-05-26 14:23:20  INFO      processor  [Monitor:Dev Entrance] Scene: 1 face(s) | Known: abhay
2026-05-26 14:23:20  INFO      processor  [Monitor:Dev Entrance] Scene: 1 face(s) | Known: abhay
2026-05-26 14:23:20  INFO      processor  [Monitor:Dev Entrance] Scene: 1 face(s) | Known: abhay
2026-05-26 14:23:20  INFO      engine  [Engine] Wake-on-LAN magic packet sent to 7C:57:58:3E:CE:2E
2026-05-26 14:23:20  INFO      processor  [Monitor:Dev Entrance] Scene: 1 face(s) | Known: abhay
2026-05-26 14:23:20  INFO      processor  [Monitor:Dev Entrance] Scene: 1 face(s) | Known: abhay
2026-05-26 14:23:20  INFO      processor  [Monitor:Dev Entrance] Scene: 1 face(s) | Known: abhay
2026-05-26 14:23:20  INFO      processor  [Monitor:Dev Entrance] Scene: 1 face(s) | Known: abhay
2026-05-26 14:23:20  INFO      processor  [Monitor:Dev Entrance] Scene: 1 face(s) | Known: abhay
2026-05-26 14:23:21  INFO      processor  [Monitor:Dev Entrance] Scene: 1 face(s) | Known: abhay
2026-05-26 14:23:21  INFO      processor  [Monitor:Dev Entrance] Scene: 1 face(s) | Known: abhay
2026-05-26 14:23:21  INFO      processor  [Monitor:Dev Entrance] Scene: 1 face(s) | Known: abhay
2026-05-26 14:23:21  INFO      processor  [Monitor:Dev Entrance] Scene: 1 face(s) | Known: abhay
2026-05-26 14:23:21  INFO      processor  [Monitor:Dev Entrance] Scene: 1 face(s) | Known: abhay
2026-05-26 14:23:21  INFO      processor  [Monitor:Dev Entrance] Scene: 1 face(s) | Known: abhay
2026-05-26 14:23:21  INFO      processor  [Monitor:Dev Entrance] Scene: 1 face(s) | Known: abhay
2026-05-26 14:23:21  INFO      processor  [Monitor:Dev Entrance] Scene: 1 face(s) | Known: abhay
2026-05-26 14:23:21  INFO      processor  [Monitor:Dev Entrance] Scene: 1 face(s) | Known: abhay
2026-05-26 14:23:22  INFO      processor  [Monitor:Dev Entrance] Scene: 1 face(s) | Known: abhay
2026-05-26 14:23:22  INFO      processor  [Monitor:Dev Entrance] Scene: 1 face(s) | Known: abhay
2026-05-26 14:23:22  INFO      processor  [Monitor:Dev Entrance] Scene: 1 face(s) | Known: abhay
2026-05-26 14:23:22  INFO      processor  [Monitor:Dev Entrance] Scene: 1 face(s) | Known: abhay
2026-05-26 14:23:22  INFO      processor  [Monitor:Dev Entrance] Scene: 1 face(s) | Known: abhay
2026-05-26 14:23:22  INFO      processor  [Monitor:Dev Entrance] Scene: 1 face(s) | Known: abhay
2026-05-26 14:23:22  INFO      processor  [Monitor:Dev Entrance] Scene: 1 face(s) | Known: abhay
2026-05-26 14:23:22  INFO      processor  [Monitor:Dev Entrance] Scene: 1 face(s) | Known: abhay
2026-05-26 14:23:22  INFO      processor  [Monitor:Dev Entrance] Scene: 1 face(s) | Known: abhay
2026-05-26 14:23:22  INFO      processor  [Monitor:Dev Entrance] Scene: 1 face(s) | Known: abhay
2026-05-26 14:23:23  INFO      processor  [Monitor:Dev Entrance] Scene: 1 face(s) | Known: abhay
2026-05-26 14:23:24  INFO      processor  [Monitor:Dev Exit] Scene: 1 unknown face(s) detected.
2026-05-26 14:24:11  WARNING   database  [DB] get_audit_image attempt 1/3 failed: ('HYT00', '[HYT00] [Microsoft][ODBC Driver 18 for SQL Server]Query timeout expired (0) (SQLExecDirectW)')
2026-05-26 14:24:29  WARNING   database  [DB] get_audit_image attempt 2/3 failed: ('HYT00', '[HYT00] [Microsoft][ODBC Driver 18 for SQL Server]Query timeout expired (0) (SQLExecDirectW)')
2026-05-26 14:24:42  WARNING   database  [DB] get_audit_image attempt 3/3 failed: ('HYT00', '[HYT00] [Microsoft][ODBC Driver 18 for SQL Server]Query timeout expired (0) (SQLExecDirectW)')
2026-05-26 14:24:49  INFO      processor  [Monitor:Dev Exit] Scene: 1 unknown face(s) detected.
2026-05-26 14:24:51  INFO      processor  [Monitor:Dev Exit] Scene: 1 face(s) | Known: JESWIN THOMAS
2026-05-26 14:31:04  INFO      processor  [Monitor:Dev Entrance] Scene: 1 unknown face(s) detected.
2026-05-26 14:31:16  INFO      processor  [Monitor:Dev Exit] Scene: 1 unknown face(s) detected.
2026-05-26 14:34:24  INFO      main    Shutdown initiated ...
2026-05-26 14:34:24  INFO      processor  [RTSP:Dev Exit] Capture thread stopped.
2026-05-26 14:34:24  INFO      processor  [RTSP:Dev Entrance] Capture thread stopped.
2026-05-26 14:34:24  INFO      processor  [Processor] All camera monitors stopped.
2026-05-26 14:34:27  INFO      main  ============================================================
2026-05-26 14:34:27  INFO      main    FastAPI Door Access System — starting up ...
2026-05-26 14:34:27  INFO      main  ============================================================
2026-05-26 14:34:27  INFO      database  [DB] Schema initialised.
2026-05-26 14:34:27  INFO      main  [System] Running network diagnostics for cameras...
2026-05-26 14:34:27  INFO      main  [Diag:Dev Exit] ✅ Camera network reachable (Port 554)
2026-05-26 14:34:27  INFO      main  [Diag:Dev Entrance] ✅ Camera network reachable (Port 554)
2026-05-26 14:34:27  INFO      main  [Diag:Kinfra Exit] ✅ Camera network reachable (Port 554)
2026-05-26 14:34:27  INFO      main  [Diag:Kinfra Entrance] ✅ Camera network reachable (Port 554)
2026-05-26 14:34:27  INFO      database  [DB] Fetching all embeddings from SQL...
2026-05-26 14:34:27  INFO      database  [DB] SQL returned 25 rows.
2026-05-26 14:34:27  INFO      processor  [Processor] Camera 'Kinfra Exit' DISABLED — skipping.
2026-05-26 14:34:27  INFO      processor  [Processor] Camera 'Kinfra Entrance' DISABLED — skipping.
2026-05-26 14:34:27  INFO      processor  [Processor] Initialised 2 active camera(s).
2026-05-26 14:34:27  INFO      main    Startup complete. API ready on http://0.0.0.0:8000
2026-05-26 14:34:27  INFO      processor  [Monitor:Dev Exit] Vision pipeline starting.
2026-05-26 14:34:27  INFO      processor  [RTSP:Dev Exit] Connecting... (retry delay=2.0s)
2026-05-26 14:34:27  INFO      processor  [RTSP:Dev Exit] Capture thread started (target=10 FPS).
2026-05-26 14:34:27  INFO      processor  [Monitor:Dev Entrance] Vision pipeline starting.
2026-05-26 14:34:27  INFO      processor  [RTSP:Dev Entrance] Connecting... (retry delay=2.0s)
2026-05-26 14:34:27  INFO      processor  [RTSP:Dev Entrance] Capture thread started (target=10 FPS).
2026-05-26 14:34:27  INFO      database  [DB] Purged audit records older than 7 days.
2026-05-26 14:34:28  INFO      processor  [RTSP:Dev Exit] Connected successfully.
2026-05-26 14:34:28  INFO      engine  [Engine] Loading Unified FaceAnalysis (640x640) on GPU (Accelerated)...
2026-05-26 14:34:29  INFO      engine  [Engine] Unified Engine Ready.
2026-05-26 14:34:29  INFO      processor  [RTSP:Dev Entrance] Connected successfully.
2026-05-26 14:35:27  INFO      database  [DB] Starting periodic maintenance...
2026-05-26 14:35:27  INFO      database  [DB] Purged audit records older than 7 days.
2026-05-26 14:35:27  INFO      database  [DB] Maintenance complete. Access logs older than 2 days purged.
2026-05-26 14:37:17  INFO      main    Shutdown initiated ...
2026-05-26 14:37:17  INFO      processor  [RTSP:Dev Exit] Capture thread stopped.
2026-05-26 14:37:17  INFO      processor  [RTSP:Dev Entrance] Capture thread stopped.
2026-05-26 14:37:17  INFO      processor  [Processor] All camera monitors stopped.
2026-05-26 14:37:19  INFO      main  ============================================================
2026-05-26 14:37:19  INFO      main    FastAPI Door Access System — starting up ...
2026-05-26 14:37:19  INFO      main  ============================================================
2026-05-26 14:37:19  INFO      database  [DB] Schema initialised.
2026-05-26 14:37:19  INFO      main  [System] Running network diagnostics for cameras...
2026-05-26 14:37:19  INFO      main  [Diag:Dev Exit] ✅ Camera network reachable (Port 554)
2026-05-26 14:37:19  INFO      main  [Diag:Dev Entrance] ✅ Camera network reachable (Port 554)
2026-05-26 14:37:19  INFO      main  [Diag:Kinfra Exit] ✅ Camera network reachable (Port 554)
2026-05-26 14:37:19  INFO      main  [Diag:Kinfra Entrance] ✅ Camera network reachable (Port 554)
2026-05-26 14:37:19  INFO      database  [DB] Fetching all embeddings from SQL...
2026-05-26 14:37:19  INFO      database  [DB] SQL returned 25 rows.
2026-05-26 14:37:19  INFO      processor  [Processor] Camera 'Kinfra Exit' DISABLED — skipping.
2026-05-26 14:37:19  INFO      processor  [Processor] Camera 'Kinfra Entrance' DISABLED — skipping.
2026-05-26 14:37:19  INFO      processor  [Processor] Initialised 2 active camera(s).
2026-05-26 14:37:19  INFO      main    Startup complete. API ready on http://0.0.0.0:8000
2026-05-26 14:37:19  INFO      processor  [Monitor:Dev Exit] Vision pipeline starting.
2026-05-26 14:37:19  INFO      processor  [RTSP:Dev Exit] Connecting... (retry delay=2.0s)
2026-05-26 14:37:19  INFO      processor  [RTSP:Dev Exit] Capture thread started (target=10 FPS).
2026-05-26 14:37:19  INFO      processor  [Monitor:Dev Entrance] Vision pipeline starting.
2026-05-26 14:37:19  INFO      processor  [RTSP:Dev Entrance] Connecting... (retry delay=2.0s)
2026-05-26 14:37:19  INFO      processor  [RTSP:Dev Entrance] Capture thread started (target=10 FPS).
2026-05-26 14:37:19  INFO      database  [DB] Purged audit records older than 7 days.
2026-05-26 14:37:21  INFO      processor  [RTSP:Dev Exit] Connected successfully.
2026-05-26 14:37:21  INFO      engine  [Engine] Loading Unified FaceAnalysis (640x640) on GPU (Accelerated)...
2026-05-26 14:37:21  INFO      engine  [Engine] Unified Engine Ready.
2026-05-26 14:37:22  INFO      processor  [RTSP:Dev Entrance] Connected successfully.
2026-05-26 14:38:08  INFO      main    Shutdown initiated ...
2026-05-26 14:38:08  INFO      processor  [RTSP:Dev Exit] Capture thread stopped.
2026-05-26 14:38:08  INFO      processor  [RTSP:Dev Entrance] Capture thread stopped.
2026-05-26 14:38:08  INFO      processor  [Processor] All camera monitors stopped.
2026-05-26 14:38:10  INFO      main  ============================================================
2026-05-26 14:38:10  INFO      main    FastAPI Door Access System — starting up ...
2026-05-26 14:38:10  INFO      main  ============================================================
2026-05-26 14:38:10  INFO      database  [DB] Schema initialised.
2026-05-26 14:38:10  INFO      main  [System] Running network diagnostics for cameras...
2026-05-26 14:38:10  INFO      main  [Diag:Dev Exit] ✅ Camera network reachable (Port 554)
2026-05-26 14:38:10  INFO      main  [Diag:Dev Entrance] ✅ Camera network reachable (Port 554)
2026-05-26 14:38:10  INFO      main  [Diag:Kinfra Exit] ✅ Camera network reachable (Port 554)
2026-05-26 14:38:10  INFO      main  [Diag:Kinfra Entrance] ✅ Camera network reachable (Port 554)
2026-05-26 14:38:10  INFO      database  [DB] Fetching all embeddings from SQL...
2026-05-26 14:38:10  INFO      database  [DB] SQL returned 25 rows.
2026-05-26 14:38:10  INFO      processor  [Processor] Camera 'Kinfra Exit' DISABLED — skipping.
2026-05-26 14:38:10  INFO      processor  [Processor] Camera 'Kinfra Entrance' DISABLED — skipping.
2026-05-26 14:38:10  INFO      processor  [Processor] Initialised 2 active camera(s).
2026-05-26 14:38:10  INFO      main    Startup complete. API ready on http://0.0.0.0:8000
2026-05-26 14:38:10  INFO      processor  [Monitor:Dev Exit] Vision pipeline starting.
2026-05-26 14:38:10  INFO      processor  [RTSP:Dev Exit] Connecting... (retry delay=2.0s)
2026-05-26 14:38:10  INFO      processor  [RTSP:Dev Exit] Capture thread started (target=10 FPS).
2026-05-26 14:38:10  INFO      processor  [Monitor:Dev Entrance] Vision pipeline starting.
2026-05-26 14:38:10  INFO      processor  [RTSP:Dev Entrance] Connecting... (retry delay=2.0s)
2026-05-26 14:38:10  INFO      processor  [RTSP:Dev Entrance] Capture thread started (target=10 FPS).
2026-05-26 14:38:10  INFO      database  [DB] Purged audit records older than 7 days.
2026-05-26 14:38:11  INFO      processor  [RTSP:Dev Exit] Connected successfully.
2026-05-26 14:38:11  INFO      engine  [Engine] Loading Unified FaceAnalysis (640x640) on GPU (Accelerated)...
2026-05-26 14:38:12  INFO      engine  [Engine] Unified Engine Ready.
2026-05-26 14:38:13  INFO      processor  [RTSP:Dev Entrance] Connected successfully.
2026-05-26 14:39:08  INFO      main    Shutdown initiated ...
2026-05-26 14:39:08  INFO      processor  [RTSP:Dev Exit] Capture thread stopped.
2026-05-26 14:39:08  INFO      processor  [RTSP:Dev Entrance] Capture thread stopped.
2026-05-26 14:39:08  INFO      processor  [Processor] All camera monitors stopped.
2026-05-26 14:39:12  INFO      main  ============================================================
2026-05-26 14:39:12  INFO      main    FastAPI Door Access System — starting up ...
2026-05-26 14:39:12  INFO      main  ============================================================
2026-05-26 14:39:12  INFO      database  [DB] Schema initialised.
2026-05-26 14:39:12  INFO      main  [System] Running network diagnostics for cameras...
2026-05-26 14:39:12  INFO      main  [Diag:Dev Exit] ✅ Camera network reachable (Port 554)
2026-05-26 14:39:12  INFO      main  [Diag:Dev Entrance] ✅ Camera network reachable (Port 554)
2026-05-26 14:39:12  INFO      main  [Diag:Kinfra Exit] ✅ Camera network reachable (Port 554)
2026-05-26 14:39:12  INFO      main  [Diag:Kinfra Entrance] ✅ Camera network reachable (Port 554)
2026-05-26 14:39:12  INFO      database  [DB] Fetching all embeddings from SQL...
2026-05-26 14:39:12  INFO      database  [DB] SQL returned 25 rows.
2026-05-26 14:39:12  INFO      processor  [Processor] Camera 'Kinfra Exit' DISABLED — skipping.
2026-05-26 14:39:12  INFO      processor  [Processor] Camera 'Kinfra Entrance' DISABLED — skipping.
2026-05-26 14:39:12  INFO      processor  [Processor] Initialised 2 active camera(s).
2026-05-26 14:39:12  INFO      main    Startup complete. API ready on http://0.0.0.0:8000
2026-05-26 14:39:12  INFO      processor  [Monitor:Dev Exit] Vision pipeline starting.
2026-05-26 14:39:12  INFO      processor  [RTSP:Dev Exit] Connecting... (retry delay=2.0s)
2026-05-26 14:39:12  INFO      processor  [RTSP:Dev Exit] Capture thread started (target=10 FPS).
2026-05-26 14:39:12  INFO      processor  [Monitor:Dev Entrance] Vision pipeline starting.
2026-05-26 14:39:12  INFO      processor  [RTSP:Dev Entrance] Connecting... (retry delay=2.0s)
2026-05-26 14:39:12  INFO      processor  [RTSP:Dev Entrance] Capture thread started (target=10 FPS).
2026-05-26 14:39:13  INFO      database  [DB] Purged audit records older than 7 days.
2026-05-26 14:39:14  INFO      processor  [RTSP:Dev Exit] Connected successfully.
2026-05-26 14:39:14  INFO      engine  [Engine] Loading Unified FaceAnalysis (640x640) on GPU (Accelerated)...
2026-05-26 14:39:14  INFO      engine  [Engine] Unified Engine Ready.
2026-05-26 14:39:15  INFO      processor  [RTSP:Dev Entrance] Connected successfully.
2026-05-26 14:40:12  INFO      database  [DB] Starting periodic maintenance...
2026-05-26 14:40:12  INFO      database  [DB] Purged audit records older than 7 days.
2026-05-26 14:40:13  INFO      database  [DB] Maintenance complete. Access logs older than 2 days purged.
2026-05-26 14:41:01  INFO      main    Shutdown initiated ...
2026-05-26 14:41:01  INFO      processor  [RTSP:Dev Exit] Capture thread stopped.
2026-05-26 14:41:01  INFO      processor  [RTSP:Dev Entrance] Capture thread stopped.
2026-05-26 14:41:01  INFO      processor  [Processor] All camera monitors stopped.
2026-05-26 14:41:05  INFO      main  ============================================================
2026-05-26 14:41:05  INFO      main    FastAPI Door Access System — starting up ...
2026-05-26 14:41:05  INFO      main  ============================================================
2026-05-26 14:41:05  INFO      database  [DB] Schema initialised.
2026-05-26 14:41:05  INFO      main  [System] Running network diagnostics for cameras...
2026-05-26 14:41:05  INFO      main  [Diag:Dev Exit] ✅ Camera network reachable (Port 554)
2026-05-26 14:41:05  INFO      main  [Diag:Dev Entrance] ✅ Camera network reachable (Port 554)
2026-05-26 14:41:05  INFO      main  [Diag:Kinfra Exit] ✅ Camera network reachable (Port 554)
2026-05-26 14:41:05  INFO      main  [Diag:Kinfra Entrance] ✅ Camera network reachable (Port 554)
2026-05-26 14:41:05  INFO      database  [DB] Fetching all embeddings from SQL...
2026-05-26 14:41:05  INFO      database  [DB] SQL returned 25 rows.
2026-05-26 14:41:05  INFO      processor  [Processor] Camera 'Kinfra Exit' DISABLED — skipping.
2026-05-26 14:41:05  INFO      processor  [Processor] Camera 'Kinfra Entrance' DISABLED — skipping.
2026-05-26 14:41:05  INFO      processor  [Processor] Initialised 2 active camera(s).
2026-05-26 14:41:05  INFO      main    Startup complete. API ready on http://0.0.0.0:8000
2026-05-26 14:41:05  INFO      processor  [Monitor:Dev Exit] Vision pipeline starting.
2026-05-26 14:41:05  INFO      processor  [RTSP:Dev Exit] Connecting... (retry delay=2.0s)
2026-05-26 14:41:05  INFO      processor  [RTSP:Dev Exit] Capture thread started (target=10 FPS).
2026-05-26 14:41:05  INFO      processor  [Monitor:Dev Entrance] Vision pipeline starting.
2026-05-26 14:41:06  INFO      processor  [RTSP:Dev Entrance] Connecting... (retry delay=2.0s)
2026-05-26 14:41:06  INFO      processor  [RTSP:Dev Entrance] Capture thread started (target=10 FPS).
2026-05-26 14:41:06  INFO      database  [DB] Purged audit records older than 7 days.
2026-05-26 14:41:07  INFO      processor  [RTSP:Dev Exit] Connected successfully.
2026-05-26 14:41:07  INFO      engine  [Engine] Loading Unified FaceAnalysis (640x640) on GPU (Accelerated)...
2026-05-26 14:41:07  INFO      engine  [Engine] Unified Engine Ready.
2026-05-26 14:41:08  INFO      processor  [RTSP:Dev Entrance] Connected successfully.
2026-05-26 14:41:52  INFO      main    Shutdown initiated ...
2026-05-26 14:41:52  INFO      processor  [RTSP:Dev Exit] Capture thread stopped.
2026-05-26 14:41:52  INFO      processor  [RTSP:Dev Entrance] Capture thread stopped.
2026-05-26 14:41:52  INFO      processor  [Processor] All camera monitors stopped.
2026-05-26 14:41:56  INFO      main  ============================================================
2026-05-26 14:41:56  INFO      main    FastAPI Door Access System — starting up ...
2026-05-26 14:41:56  INFO      main  ============================================================
2026-05-26 14:41:56  INFO      database  [DB] Schema initialised.
2026-05-26 14:41:56  INFO      main  [System] Running network diagnostics for cameras...
2026-05-26 14:41:56  INFO      main  [Diag:Dev Exit] ✅ Camera network reachable (Port 554)
2026-05-26 14:41:56  INFO      main  [Diag:Dev Entrance] ✅ Camera network reachable (Port 554)
2026-05-26 14:41:56  INFO      main  [Diag:Kinfra Exit] ✅ Camera network reachable (Port 554)
2026-05-26 14:41:56  INFO      main  [Diag:Kinfra Entrance] ✅ Camera network reachable (Port 554)
2026-05-26 14:41:56  INFO      database  [DB] Fetching all embeddings from SQL...
2026-05-26 14:41:56  INFO      database  [DB] SQL returned 25 rows.
2026-05-26 14:41:56  INFO      processor  [Processor] Camera 'Kinfra Exit' DISABLED — skipping.
2026-05-26 14:41:56  INFO      processor  [Processor] Camera 'Kinfra Entrance' DISABLED — skipping.
2026-05-26 14:41:56  INFO      processor  [Processor] Initialised 2 active camera(s).
2026-05-26 14:41:56  INFO      main    Startup complete. API ready on http://0.0.0.0:8000
2026-05-26 14:41:56  INFO      processor  [Monitor:Dev Exit] Vision pipeline starting.
2026-05-26 14:41:56  INFO      processor  [RTSP:Dev Exit] Connecting... (retry delay=2.0s)
2026-05-26 14:41:56  INFO      processor  [RTSP:Dev Exit] Capture thread started (target=10 FPS).
2026-05-26 14:41:56  INFO      processor  [Monitor:Dev Entrance] Vision pipeline starting.
2026-05-26 14:41:56  INFO      processor  [RTSP:Dev Entrance] Connecting... (retry delay=2.0s)
2026-05-26 14:41:56  INFO      processor  [RTSP:Dev Entrance] Capture thread started (target=10 FPS).
2026-05-26 14:41:57  INFO      database  [DB] Purged audit records older than 7 days.
2026-05-26 14:41:58  INFO      processor  [RTSP:Dev Exit] Connected successfully.
2026-05-26 14:41:58  INFO      engine  [Engine] Loading Unified FaceAnalysis (640x640) on GPU (Accelerated)...
2026-05-26 14:41:58  INFO      engine  [Engine] Unified Engine Ready.
2026-05-26 14:41:59  INFO      processor  [RTSP:Dev Entrance] Connected successfully.
2026-05-26 14:42:29  INFO      main    Shutdown initiated ...
2026-05-26 14:42:29  INFO      processor  [RTSP:Dev Exit] Capture thread stopped.
2026-05-26 14:42:29  INFO      processor  [RTSP:Dev Entrance] Capture thread stopped.
2026-05-26 14:42:29  INFO      processor  [Processor] All camera monitors stopped.
2026-05-26 14:42:32  INFO      main  ============================================================
2026-05-26 14:42:32  INFO      main    FastAPI Door Access System — starting up ...
2026-05-26 14:42:32  INFO      main  ============================================================
2026-05-26 14:42:33  INFO      database  [DB] Schema initialised.
2026-05-26 14:42:33  INFO      main  [System] Running network diagnostics for cameras...
2026-05-26 14:42:33  INFO      main  [Diag:Dev Exit] ✅ Camera network reachable (Port 554)
2026-05-26 14:42:33  INFO      main  [Diag:Dev Entrance] ✅ Camera network reachable (Port 554)
2026-05-26 14:42:33  INFO      main  [Diag:Kinfra Exit] ✅ Camera network reachable (Port 554)
2026-05-26 14:42:33  INFO      main  [Diag:Kinfra Entrance] ✅ Camera network reachable (Port 554)
2026-05-26 14:42:33  INFO      database  [DB] Fetching all embeddings from SQL...
2026-05-26 14:42:33  INFO      database  [DB] SQL returned 25 rows.
2026-05-26 14:42:33  INFO      processor  [Processor] Camera 'Kinfra Exit' DISABLED — skipping.
2026-05-26 14:42:33  INFO      processor  [Processor] Camera 'Kinfra Entrance' DISABLED — skipping.
2026-05-26 14:42:33  INFO      processor  [Processor] Initialised 2 active camera(s).
2026-05-26 14:42:33  INFO      main    Startup complete. API ready on http://0.0.0.0:8000
2026-05-26 14:42:33  INFO      processor  [Monitor:Dev Exit] Vision pipeline starting.
2026-05-26 14:42:33  INFO      processor  [RTSP:Dev Exit] Connecting... (retry delay=2.0s)
2026-05-26 14:42:33  INFO      processor  [RTSP:Dev Exit] Capture thread started (target=10 FPS).
2026-05-26 14:42:33  INFO      processor  [Monitor:Dev Entrance] Vision pipeline starting.
2026-05-26 14:42:33  INFO      processor  [RTSP:Dev Entrance] Connecting... (retry delay=2.0s)
2026-05-26 14:42:33  INFO      processor  [RTSP:Dev Entrance] Capture thread started (target=10 FPS).
2026-05-26 14:42:33  INFO      database  [DB] Purged audit records older than 7 days.
2026-05-26 14:42:34  INFO      processor  [RTSP:Dev Exit] Connected successfully.
2026-05-26 14:42:34  INFO      engine  [Engine] Loading Unified FaceAnalysis (640x640) on GPU (Accelerated)...
2026-05-26 14:42:34  INFO      engine  [Engine] Unified Engine Ready.
2026-05-26 14:42:35  INFO      processor  [RTSP:Dev Entrance] Connected successfully.
2026-05-26 14:43:33  INFO      database  [DB] Starting periodic maintenance...
2026-05-26 14:43:33  INFO      database  [DB] Purged audit records older than 7 days.
2026-05-26 14:43:33  INFO      database  [DB] Maintenance complete. Access logs older than 2 days purged.
2026-05-26 14:43:57  INFO      main    Shutdown initiated ...
2026-05-26 14:43:57  INFO      processor  [RTSP:Dev Exit] Capture thread stopped.
2026-05-26 14:43:57  INFO      processor  [RTSP:Dev Entrance] Capture thread stopped.
2026-05-26 14:43:57  INFO      processor  [Processor] All camera monitors stopped.
2026-05-26 14:44:00  INFO      main  ============================================================
2026-05-26 14:44:00  INFO      main    FastAPI Door Access System — starting up ...
2026-05-26 14:44:00  INFO      main  ============================================================
2026-05-26 14:44:00  INFO      database  [DB] Schema initialised.
2026-05-26 14:44:00  INFO      main  [System] Running network diagnostics for cameras...
2026-05-26 14:44:00  INFO      main  [Diag:Dev Exit] ✅ Camera network reachable (Port 554)
2026-05-26 14:44:00  INFO      main  [Diag:Dev Entrance] ✅ Camera network reachable (Port 554)
2026-05-26 14:44:00  INFO      main  [Diag:Kinfra Exit] ✅ Camera network reachable (Port 554)
2026-05-26 14:44:00  INFO      main  [Diag:Kinfra Entrance] ✅ Camera network reachable (Port 554)
2026-05-26 14:44:00  INFO      database  [DB] Fetching all embeddings from SQL...
2026-05-26 14:44:00  INFO      database  [DB] SQL returned 25 rows.
2026-05-26 14:44:00  INFO      processor  [Processor] Camera 'Kinfra Exit' DISABLED — skipping.
2026-05-26 14:44:00  INFO      processor  [Processor] Camera 'Kinfra Entrance' DISABLED — skipping.
2026-05-26 14:44:00  INFO      processor  [Processor] Initialised 2 active camera(s).
2026-05-26 14:44:00  INFO      main    Startup complete. API ready on http://0.0.0.0:8000
2026-05-26 14:44:00  INFO      processor  [Monitor:Dev Exit] Vision pipeline starting.
2026-05-26 14:44:00  INFO      processor  [RTSP:Dev Exit] Connecting... (retry delay=2.0s)
2026-05-26 14:44:00  INFO      processor  [RTSP:Dev Exit] Capture thread started (target=10 FPS).
2026-05-26 14:44:00  INFO      processor  [Monitor:Dev Entrance] Vision pipeline starting.
2026-05-26 14:44:00  INFO      processor  [RTSP:Dev Entrance] Connecting... (retry delay=2.0s)
2026-05-26 14:44:00  INFO      processor  [RTSP:Dev Entrance] Capture thread started (target=10 FPS).
2026-05-26 14:44:00  INFO      database  [DB] Purged audit records older than 7 days.
2026-05-26 14:44:01  INFO      processor  [RTSP:Dev Exit] Connected successfully.
2026-05-26 14:44:01  INFO      engine  [Engine] Loading Unified FaceAnalysis (640x640) on GPU (Accelerated)...
2026-05-26 14:44:01  INFO      engine  [Engine] Unified Engine Ready.
2026-05-26 14:44:02  INFO      processor  [RTSP:Dev Entrance] Connected successfully.
2026-05-26 14:45:00  INFO      database  [DB] Starting periodic maintenance...
2026-05-26 14:45:00  INFO      database  [DB] Purged audit records older than 7 days.
2026-05-26 14:45:00  INFO      database  [DB] Maintenance complete. Access logs older than 2 days purged.
2026-05-26 14:46:00  INFO      main    Shutdown initiated ...
2026-05-26 14:46:00  INFO      processor  [RTSP:Dev Exit] Capture thread stopped.
2026-05-26 14:46:00  INFO      processor  [RTSP:Dev Entrance] Capture thread stopped.
2026-05-26 14:46:00  INFO      processor  [Processor] All camera monitors stopped.
2026-05-26 14:46:02  INFO      main  ============================================================
2026-05-26 14:46:02  INFO      main    FastAPI Door Access System — starting up ...
2026-05-26 14:46:02  INFO      main  ============================================================
2026-05-26 14:46:02  INFO      database  [DB] Schema initialised.
2026-05-26 14:46:02  INFO      main  [System] Running network diagnostics for cameras...
2026-05-26 14:46:02  INFO      main  [Diag:Dev Exit] ✅ Camera network reachable (Port 554)
2026-05-26 14:46:02  INFO      main  [Diag:Dev Entrance] ✅ Camera network reachable (Port 554)
2026-05-26 14:46:02  INFO      main  [Diag:Kinfra Exit] ✅ Camera network reachable (Port 554)
2026-05-26 14:46:02  INFO      main  [Diag:Kinfra Entrance] ✅ Camera network reachable (Port 554)
2026-05-26 14:46:02  INFO      database  [DB] Fetching all embeddings from SQL...
2026-05-26 14:46:02  INFO      database  [DB] SQL returned 25 rows.
2026-05-26 14:46:02  INFO      processor  [Processor] Camera 'Kinfra Exit' DISABLED — skipping.
2026-05-26 14:46:02  INFO      processor  [Processor] Camera 'Kinfra Entrance' DISABLED — skipping.
2026-05-26 14:46:02  INFO      processor  [Processor] Initialised 2 active camera(s).
2026-05-26 14:46:02  INFO      main    Startup complete. API ready on http://0.0.0.0:8000
2026-05-26 14:46:02  INFO      processor  [Monitor:Dev Exit] Vision pipeline starting.
2026-05-26 14:46:02  INFO      processor  [RTSP:Dev Exit] Connecting... (retry delay=2.0s)
2026-05-26 14:46:02  INFO      processor  [RTSP:Dev Exit] Capture thread started (target=10 FPS).
2026-05-26 14:46:02  INFO      processor  [Monitor:Dev Entrance] Vision pipeline starting.
2026-05-26 14:46:02  INFO      processor  [RTSP:Dev Entrance] Connecting... (retry delay=2.0s)
2026-05-26 14:46:02  INFO      processor  [RTSP:Dev Entrance] Capture thread started (target=10 FPS).
2026-05-26 14:46:02  INFO      database  [DB] Purged audit records older than 7 days.
2026-05-26 14:46:03  INFO      processor  [RTSP:Dev Exit] Connected successfully.
2026-05-26 14:46:03  INFO      engine  [Engine] Loading Unified FaceAnalysis (640x640) on GPU (Accelerated)...
2026-05-26 14:46:04  INFO      engine  [Engine] Unified Engine Ready.
2026-05-26 14:46:05  INFO      processor  [RTSP:Dev Entrance] Connected successfully.
2026-05-26 14:47:02  INFO      database  [DB] Starting periodic maintenance...
2026-05-26 14:47:02  INFO      database  [DB] Purged audit records older than 7 days.
2026-05-26 14:47:02  INFO      database  [DB] Maintenance complete. Access logs older than 2 days purged.
2026-05-26 14:48:21  INFO      main    Shutdown initiated ...
2026-05-26 14:48:21  INFO      processor  [RTSP:Dev Exit] Capture thread stopped.
2026-05-26 14:48:21  INFO      processor  [RTSP:Dev Entrance] Capture thread stopped.
2026-05-26 14:48:21  INFO      processor  [Processor] All camera monitors stopped.
2026-05-26 14:48:23  INFO      main  ============================================================
2026-05-26 14:48:23  INFO      main    FastAPI Door Access System — starting up ...
2026-05-26 14:48:23  INFO      main  ============================================================
2026-05-26 14:48:23  INFO      database  [DB] Schema initialised.
2026-05-26 14:48:23  INFO      main  [System] Running network diagnostics for cameras...
2026-05-26 14:48:23  INFO      main  [Diag:Dev Exit] ✅ Camera network reachable (Port 554)
2026-05-26 14:48:23  INFO      main  [Diag:Dev Entrance] ✅ Camera network reachable (Port 554)
2026-05-26 14:48:23  INFO      main  [Diag:Kinfra Exit] ✅ Camera network reachable (Port 554)
2026-05-26 14:48:23  INFO      main  [Diag:Kinfra Entrance] ✅ Camera network reachable (Port 554)
2026-05-26 14:48:23  INFO      database  [DB] Fetching all embeddings from SQL...
2026-05-26 14:48:23  INFO      database  [DB] SQL returned 25 rows.
2026-05-26 14:48:23  INFO      processor  [Processor] Camera 'Kinfra Exit' DISABLED — skipping.
2026-05-26 14:48:23  INFO      processor  [Processor] Camera 'Kinfra Entrance' DISABLED — skipping.
2026-05-26 14:48:23  INFO      processor  [Processor] Initialised 2 active camera(s).
2026-05-26 14:48:23  INFO      main    Startup complete. API ready on http://0.0.0.0:8000
2026-05-26 14:48:23  INFO      processor  [Monitor:Dev Exit] Vision pipeline starting.
2026-05-26 14:48:23  INFO      processor  [RTSP:Dev Exit] Connecting... (retry delay=2.0s)
2026-05-26 14:48:23  INFO      processor  [RTSP:Dev Exit] Capture thread started (target=10 FPS).
2026-05-26 14:48:23  INFO      processor  [Monitor:Dev Entrance] Vision pipeline starting.
2026-05-26 14:48:23  INFO      processor  [RTSP:Dev Entrance] Connecting... (retry delay=2.0s)
2026-05-26 14:48:23  INFO      processor  [RTSP:Dev Entrance] Capture thread started (target=10 FPS).
2026-05-26 14:48:23  INFO      database  [DB] Purged audit records older than 7 days.
2026-05-26 14:48:24  INFO      processor  [RTSP:Dev Exit] Connected successfully.
2026-05-26 14:48:24  INFO      engine  [Engine] Loading Unified FaceAnalysis (640x640) on GPU (Accelerated)...
2026-05-26 14:48:24  INFO      engine  [Engine] Unified Engine Ready.
2026-05-26 14:48:25  INFO      processor  [RTSP:Dev Entrance] Connected successfully.
2026-05-26 14:48:26  INFO      processor  [Monitor:Dev Exit] Scene: 1 unknown face(s) detected.
2026-05-26 14:49:23  INFO      database  [DB] Starting periodic maintenance...
2026-05-26 14:49:23  INFO      database  [DB] Purged audit records older than 7 days.
2026-05-26 14:49:23  INFO      database  [DB] Maintenance complete. Access logs older than 2 days purged.
2026-05-26 14:53:24  INFO      processor  [Monitor:Dev Entrance] Scene: 1 unknown face(s) detected.
2026-05-26 14:53:30  INFO      processor  [Monitor:Dev Exit] Scene: 1 unknown face(s) detected.
2026-05-26 15:00:18  WARNING   processor  [RTSP:Dev Entrance] Stream read failed — reconnecting.
2026-05-26 15:00:18  WARNING   processor  [RTSP:Dev Exit] Stream read failed — reconnecting.
2026-05-26 15:00:19  INFO      processor  [RTSP:Dev Entrance] Connecting... (retry delay=2.0s)
2026-05-26 15:00:19  INFO      processor  [RTSP:Dev Exit] Connecting... (retry delay=2.0s)
2026-05-26 15:00:49  WARNING   processor  [RTSP:Dev Entrance] Failed to open source. Retrying in 2.0s
2026-05-26 15:00:50  INFO      processor  [RTSP:Dev Exit] Connected successfully.
2026-05-26 15:00:51  INFO      processor  [RTSP:Dev Entrance] Connecting... (retry delay=3.0s)
2026-05-26 15:00:52  INFO      processor  [RTSP:Dev Entrance] Connected successfully.
2026-05-26 15:03:31  INFO      main    Shutdown initiated ...
2026-05-26 15:03:31  INFO      processor  [RTSP:Dev Exit] Capture thread stopped.
2026-05-26 15:03:31  INFO      processor  [RTSP:Dev Entrance] Capture thread stopped.
2026-05-26 15:03:31  INFO      processor  [Processor] All camera monitors stopped.
2026-05-26 15:03:33  INFO      main  ============================================================
2026-05-26 15:03:33  INFO      main    FastAPI Door Access System — starting up ...
2026-05-26 15:03:33  INFO      main  ============================================================
2026-05-26 15:03:34  INFO      database  [DB] Schema initialised.
2026-05-26 15:03:34  INFO      main  [System] Running network diagnostics for cameras...
2026-05-26 15:03:34  INFO      main  [Diag:Dev Exit] ✅ Camera network reachable (Port 554)
2026-05-26 15:03:34  INFO      main  [Diag:Dev Entrance] ✅ Camera network reachable (Port 554)
2026-05-26 15:03:34  INFO      main  [Diag:Kinfra Exit] ✅ Camera network reachable (Port 554)
2026-05-26 15:03:34  INFO      main  [Diag:Kinfra Entrance] ✅ Camera network reachable (Port 554)
2026-05-26 15:03:34  INFO      database  [DB] Fetching all embeddings from SQL...
2026-05-26 15:03:34  INFO      database  [DB] SQL returned 25 rows.
2026-05-26 15:03:34  INFO      processor  [Processor] Camera 'Kinfra Exit' DISABLED — skipping.
2026-05-26 15:03:34  INFO      processor  [Processor] Camera 'Kinfra Entrance' DISABLED — skipping.
2026-05-26 15:03:34  INFO      processor  [Processor] Initialised 2 active camera(s).
2026-05-26 15:03:34  INFO      main    Startup complete. API ready on http://0.0.0.0:8000
2026-05-26 15:03:34  INFO      processor  [Monitor:Dev Exit] Vision pipeline starting.
2026-05-26 15:03:34  INFO      processor  [RTSP:Dev Exit] Connecting... (retry delay=2.0s)
2026-05-26 15:03:34  INFO      processor  [RTSP:Dev Exit] Capture thread started (target=10 FPS).
2026-05-26 15:03:34  INFO      processor  [Monitor:Dev Entrance] Vision pipeline starting.
2026-05-26 15:03:34  INFO      processor  [RTSP:Dev Entrance] Connecting... (retry delay=2.0s)
2026-05-26 15:03:34  INFO      processor  [RTSP:Dev Entrance] Capture thread started (target=10 FPS).
2026-05-26 15:03:34  INFO      database  [DB] Purged audit records older than 7 days.
2026-05-26 15:03:35  INFO      processor  [RTSP:Dev Exit] Connected successfully.
2026-05-26 15:03:35  INFO      engine  [Engine] Loading Unified FaceAnalysis (640x640) on GPU (Accelerated)...
2026-05-26 15:03:35  INFO      engine  [Engine] Unified Engine Ready.
2026-05-26 15:03:36  INFO      processor  [RTSP:Dev Entrance] Connected successfully.
2026-05-26 15:03:39  INFO      main    Shutdown initiated ...
2026-05-26 15:03:39  INFO      processor  [RTSP:Dev Exit] Capture thread stopped.
2026-05-26 15:03:40  INFO      processor  [RTSP:Dev Entrance] Capture thread stopped.
2026-05-26 15:03:40  INFO      processor  [Processor] All camera monitors stopped.
2026-05-26 15:03:42  INFO      main  ============================================================
2026-05-26 15:03:42  INFO      main    FastAPI Door Access System — starting up ...
2026-05-26 15:03:42  INFO      main  ============================================================
2026-05-26 15:03:42  INFO      database  [DB] Schema initialised.
2026-05-26 15:03:42  INFO      main  [System] Running network diagnostics for cameras...
2026-05-26 15:03:42  INFO      main  [Diag:Dev Exit] ✅ Camera network reachable (Port 554)
2026-05-26 15:03:42  INFO      main  [Diag:Dev Entrance] ✅ Camera network reachable (Port 554)
2026-05-26 15:03:42  INFO      main  [Diag:Kinfra Exit] ✅ Camera network reachable (Port 554)
2026-05-26 15:03:42  INFO      main  [Diag:Kinfra Entrance] ✅ Camera network reachable (Port 554)
2026-05-26 15:03:42  INFO      database  [DB] Fetching all embeddings from SQL...
2026-05-26 15:03:42  INFO      database  [DB] SQL returned 25 rows.
2026-05-26 15:03:42  INFO      processor  [Processor] Camera 'Kinfra Exit' DISABLED — skipping.
2026-05-26 15:03:42  INFO      processor  [Processor] Camera 'Kinfra Entrance' DISABLED — skipping.
2026-05-26 15:03:42  INFO      processor  [Processor] Initialised 2 active camera(s).
2026-05-26 15:03:42  INFO      main    Startup complete. API ready on http://0.0.0.0:8000
2026-05-26 15:03:42  INFO      processor  [Monitor:Dev Exit] Vision pipeline starting.
2026-05-26 15:03:42  INFO      processor  [RTSP:Dev Exit] Connecting... (retry delay=2.0s)
2026-05-26 15:03:42  INFO      processor  [RTSP:Dev Exit] Capture thread started (target=10 FPS).
2026-05-26 15:03:42  INFO      processor  [Monitor:Dev Entrance] Vision pipeline starting.
2026-05-26 15:03:42  INFO      processor  [RTSP:Dev Entrance] Connecting... (retry delay=2.0s)
2026-05-26 15:03:42  INFO      processor  [RTSP:Dev Entrance] Capture thread started (target=10 FPS).
2026-05-26 15:03:42  INFO      database  [DB] Purged audit records older than 7 days.
2026-05-26 15:03:43  INFO      processor  [RTSP:Dev Exit] Connected successfully.
2026-05-26 15:03:43  INFO      engine  [Engine] Loading Unified FaceAnalysis (640x640) on GPU (Accelerated)...
2026-05-26 15:03:44  INFO      engine  [Engine] Unified Engine Ready.
2026-05-26 15:03:45  INFO      processor  [RTSP:Dev Entrance] Connected successfully.
2026-05-26 15:04:22  INFO      processor  [Monitor:Dev Exit] Scene: 1 unknown face(s) detected.
2026-05-26 15:04:36  INFO      processor  [Monitor:Dev Entrance] Scene: 1 unknown face(s) detected.
2026-05-26 15:04:42  INFO      database  [DB] Starting periodic maintenance...
2026-05-26 15:04:42  INFO      database  [DB] Purged audit records older than 7 days.
2026-05-26 15:04:42  INFO      database  [DB] Maintenance complete. Access logs older than 2 days purged.
2026-05-26 15:08:18  INFO      processor  [Monitor:Dev Entrance] Scene: 1 unknown face(s) detected.
2026-05-26 15:08:24  INFO      processor  [Monitor:Dev Exit] Scene: 1 unknown face(s) detected.
2026-05-26 15:08:52  INFO      processor  [Monitor:Dev Entrance] Scene: 1 face(s) | Known: JESWIN THOMAS
2026-05-26 15:08:53  INFO      processor  [Monitor:Dev Entrance] Scene: 1 face(s) | Known: JESWIN THOMAS
2026-05-26 15:08:53  INFO      processor  [Monitor:Dev Entrance] Scene: 1 face(s) | Known: JESWIN THOMAS
2026-05-26 15:08:53  INFO      processor  [Monitor:Dev Entrance] 🔒 Cooldown set for 'JESWIN THOMAS' — same=30s, others=10s
2026-05-26 15:08:53  INFO      processor  [Monitor:Dev Entrance] Scene: 1 face(s) | Known: JESWIN THOMAS
2026-05-26 15:08:53  INFO      processor  [Monitor:Dev Entrance] Scene: 1 face(s) | Known: JESWIN THOMAS
2026-05-26 15:08:53  INFO      processor  [Monitor:Dev Entrance] Scene: 1 face(s) | Known: JESWIN THOMAS
2026-05-26 15:08:53  INFO      processor  [Monitor:Dev Entrance] Scene: 1 face(s) | Known: JESWIN THOMAS
2026-05-26 15:08:53  INFO      processor  [Monitor:Dev Entrance] Scene: 1 face(s) | Known: JESWIN THOMAS
2026-05-26 15:08:54  INFO      processor  [Monitor:Dev Entrance] Scene: 1 face(s) | Known: JESWIN THOMAS
2026-05-26 15:08:54  INFO      httpx  HTTP Request: GET http://emplog.grapesonline.net/Employee/GetEmployeeDetails?RfID=0014531078 "HTTP/1.1 200 OK"
2026-05-26 15:08:54  INFO      engine  [RF-Check] http://emplog.grapesonline.net/Employee/GetEmployeeDetails → 200 {"status":200,"Data":[{"EmpID":118,"EmployeeName":"JESWIN THOMAS","DoorStatus":"OUT","Checkinstatus":"RdytoChkIn","ExitT
2026-05-26 15:08:54  INFO      processor  [Monitor:Dev Entrance] ✅ ACCESS GRANTED: 'JESWIN THOMAS'
2026-05-26 15:08:54  INFO      processor  [Monitor:Dev Entrance] Scene: 1 face(s) | Known: JESWIN THOMAS
2026-05-26 15:08:54  INFO      processor  [Monitor:Dev Entrance] Scene: 1 unknown face(s) detected.
2026-05-26 15:08:54  INFO      engine  [Door-WS] Dev Entrance → WebSocket sent: OPEN_DOOR
2026-05-26 15:08:54  INFO      httpx  HTTP Request: POST http://192.168.0.251:3596/api/User/SendTextToSpeaker?DeviceID=G-5889-6B1B-5AE0&Message=Hello%2C%20%2C%20%2C%20JESWIN%20THOMAS.%20Welcome%20back%20to%20the%20facility.%20Have%20a%20great%20day%20ahead.&VoiceOption=Microsoft%20Zira%20Desktop "HTTP/1.1 200 OK"
2026-05-26 15:08:54  INFO      engine  [Speaker-API] Sent: 'Hello, , , JESWIN THOMAS. Welcome back to the facility. Have a great day ahead.' (Device: G-5889-6B1B-5AE0) Status: 200
2026-05-26 15:08:54  INFO      httpx  HTTP Request: POST http://emplog.grapesonline.net/Employee/LogEmployeeEntry?MacAddress=84:1F:E8:24:A0:5C&EmployeeID=118&Status=IN "HTTP/1.1 200 OK"
2026-05-26 15:08:57  INFO      processor  [Monitor:Dev Exit] Scene: 1 unknown face(s) detected.
2026-05-26 15:13:00  INFO      processor  [Monitor:Dev Exit] Scene: 1 unknown face(s) detected.
2026-05-26 15:14:33  INFO      processor  [Monitor:Dev Exit] Scene: 1 unknown face(s) detected.
2026-05-26 15:15:03  INFO      processor  [Monitor:Dev Exit] Scene: 1 unknown face(s) detected.
2026-05-26 15:15:05  INFO      processor  [Monitor:Dev Exit] Scene: 1 face(s) | Known: Jerald Nepoleon
2026-05-26 15:15:05  INFO      processor  [Monitor:Dev Exit] Scene: 1 face(s) | Known: Jerald Nepoleon
2026-05-26 15:15:05  INFO      processor  [Monitor:Dev Exit] Scene: 1 face(s) | Known: Jerald Nepoleon
2026-05-26 15:15:05  INFO      processor  [Monitor:Dev Exit] 🔒 Cooldown set for 'Jerald Nepoleon' — same=30s, others=10s
2026-05-26 15:15:05  INFO      processor  [Monitor:Dev Exit] ✅ ACCESS GRANTED: 'Jerald Nepoleon'
2026-05-26 15:15:05  INFO      httpx  HTTP Request: POST http://192.168.0.251:3596/api/User/SendTextToSpeaker?DeviceID=G-5889-6B1B-5AE0&Message=Take%20care%2C%20%2C%20%2C%20Jerald%20Nepoleon.%20It%20was%20a%20pleasure%20having%20you%20here%20today.%20Goodbye.&VoiceOption=Microsoft%20Zira%20Desktop "HTTP/1.1 200 OK"
2026-05-26 15:15:05  INFO      engine  [Speaker-API] Sent: 'Take care, , , Jerald Nepoleon. It was a pleasure having you here today. Goodbye.' (Device: G-5889-6B1B-5AE0) Status: 200
2026-05-26 15:15:05  INFO      processor  [Monitor:Dev Exit] Scene: 1 face(s) | Known: Jerald Nepoleon
2026-05-26 15:15:05  INFO      engine  [Door-WS] Dev Exit → WebSocket sent: OPEN_DOOR
2026-05-26 15:15:05  INFO      processor  [Monitor:Dev Exit] Scene: 1 face(s) | Known: Jerald Nepoleon
2026-05-26 15:15:05  INFO      processor  [Monitor:Dev Exit] Scene: 1 face(s) | Known: Jerald Nepoleon
2026-05-26 15:15:05  INFO      processor  [Monitor:Dev Exit] Scene: 1 face(s) | Known: Jerald Nepoleon
2026-05-26 15:15:05  INFO      processor  [Monitor:Dev Exit] Scene: 1 face(s) | Known: Jerald Nepoleon
2026-05-26 15:15:05  INFO      processor  [Monitor:Dev Exit] Scene: 1 face(s) | Known: Jerald Nepoleon
2026-05-26 15:15:05  INFO      engine  [Engine] ⚡ AUTO-OPTIMIZED identity for 'Jerald Nepoleon' (Face model refreshed).
2026-05-26 15:15:05  INFO      engine  [Engine] Fetching embeddings from database...
2026-05-26 15:15:05  INFO      database  [DB] Fetching all embeddings from SQL...
2026-05-26 15:15:05  INFO      database  [DB] SQL returned 25 rows.
2026-05-26 15:15:05  INFO      engine  [Engine] Fetched data for 25 employees.
2026-05-26 15:15:05  INFO      engine  [Engine] Building HNSW index with 65 vectors in background...
2026-05-26 15:15:05  INFO      engine  [Engine] Index ready (65 vectors).
2026-05-26 15:15:05  INFO      processor  [Monitor:Dev Exit] Scene: 1 face(s) | Known: Jerald Nepoleon
2026-05-26 15:15:06  INFO      processor  [Monitor:Dev Exit] Scene: 1 face(s) | Known: Jerald Nepoleon
2026-05-26 15:15:06  INFO      processor  [Monitor:Dev Exit] Scene: 1 face(s) | Known: Jerald Nepoleon
2026-05-26 15:15:06  INFO      processor  [Monitor:Dev Exit] Scene: 1 face(s) | Known: Jerald Nepoleon
2026-05-26 15:15:07  INFO      httpx  HTTP Request: POST http://emplog.grapesonline.net/Employee/LogEmployeeEntry?MacAddress=84:1F:E8:24:A0:5C&EmployeeID=66&Status=OUT "HTTP/1.1 200 OK"
2026-05-26 15:15:12  INFO      processor  [Monitor:Dev Entrance] Scene: 1 unknown face(s) detected.
2026-05-26 15:15:19  INFO      database  [DB] FAISS index blob saved to SQL system_config.
2026-05-26 15:15:25  INFO      processor  [Monitor:Dev Exit] Scene: 2 face(s) | Known: AJITH JOSEPH
2026-05-26 15:15:25  INFO      processor  [Monitor:Dev Exit] Scene: 2 face(s) | Known: AJITH JOSEPH
2026-05-26 15:15:25  INFO      processor  [Monitor:Dev Exit] Scene: 2 face(s) | Known: AJITH JOSEPH
2026-05-26 15:15:25  INFO      processor  [Monitor:Dev Exit] 🔒 Cooldown set for 'AJITH JOSEPH' — same=30s, others=10s
2026-05-26 15:15:25  INFO      httpx  HTTP Request: GET http://emplog.grapesonline.net/Employee/GetEmployeeDetails?RfID=0004816470 "HTTP/1.1 200 OK"
2026-05-26 15:15:25  INFO      engine  [RF-Check] http://emplog.grapesonline.net/Employee/GetEmployeeDetails → 200 {"status":200,"Data":[{"EmpID":21,"EmployeeName":"AJITH JOSEPH","DoorStatus":"IN","Checkinstatus":"RdytoChkIn","ExitType
2026-05-26 15:15:25  INFO      processor  [Monitor:Dev Exit] ✅ ACCESS GRANTED: 'AJITH JOSEPH'
2026-05-26 15:15:25  INFO      httpx  HTTP Request: POST http://192.168.0.251:3596/api/User/SendTextToSpeaker?DeviceID=G-5889-6B1B-5AE0&Message=Thank%20you%20for%20your%20visit%2C%20%2C%20%2C%20AJITH%20JOSEPH.%20We%20hope%20you%20have%20a%20peaceful%20and%20relaxing%20rest%20of%20your%20day.&VoiceOption=Microsoft%20Zira%20Desktop "HTTP/1.1 200 OK"
2026-05-26 15:15:25  INFO      engine  [Speaker-API] Sent: 'Thank you for your visit, , , AJITH JOSEPH. We hope you have a peaceful and relaxing rest of your day.' (Device: G-5889-6B1B-5AE0) Status: 200
2026-05-26 15:15:26  INFO      engine  [Door-WS] Dev Exit → WebSocket sent: OPEN_DOOR
2026-05-26 15:15:26  INFO      httpx  HTTP Request: POST http://emplog.grapesonline.net/Employee/LogEmployeeEntry?MacAddress=84:1F:E8:24:A0:5C&EmployeeID=21&Status=OUT "HTTP/1.1 200 OK"
2026-05-26 15:15:26  INFO      processor  [Monitor:Dev Exit] Scene: 1 face(s) | Known: AJITH JOSEPH
2026-05-26 15:15:42  INFO      processor  [Monitor:Dev Entrance] Scene: 1 unknown face(s) detected.
2026-05-26 15:15:59  INFO      processor  [Monitor:Dev Exit] Scene: 1 unknown face(s) detected.
2026-05-26 15:16:37  INFO      processor  [Monitor:Dev Entrance] Scene: 1 unknown face(s) detected.
2026-05-26 15:16:38  INFO      processor  [Monitor:Dev Entrance] Scene: 1 face(s) | Known: AMAL
2026-05-26 15:16:41  INFO      processor  [Monitor:Dev Exit] Scene: 1 unknown face(s) detected.
2026-05-26 15:22:32  INFO      processor  [Monitor:Dev Exit] Scene: 1 unknown face(s) detected.
2026-05-26 15:22:43  INFO      processor  [Monitor:Dev Exit] Scene: 1 face(s) | Known: SIJIN
2026-05-26 15:22:43  INFO      processor  [Monitor:Dev Exit] Scene: 1 face(s) | Known: SIJIN
2026-05-26 15:24:06  INFO      processor  [Monitor:Dev Entrance] Scene: 1 unknown face(s) detected.
2026-05-26 15:24:10  INFO      processor  [Monitor:Dev Exit] Scene: 1 unknown face(s) detected.
2026-05-26 15:29:47  INFO      processor  [Monitor:Dev Exit] Scene: 1 unknown face(s) detected.
2026-05-26 15:30:17  INFO      processor  [Monitor:Dev Entrance] Scene: 1 unknown face(s) detected.
2026-05-26 15:30:17  INFO      processor  [Monitor:Dev Exit] Scene: 1 unknown face(s) detected.
2026-05-26 15:30:17  INFO      processor  [Monitor:Dev Entrance] Scene: 1 face(s) | Known: KAYYOOM
2026-05-26 15:30:18  INFO      processor  [Monitor:Dev Entrance] Scene: 1 face(s) | Known: KAYYOOM
2026-05-26 15:30:18  INFO      processor  [Monitor:Dev Entrance] Scene: 1 face(s) | Known: KAYYOOM
2026-05-26 15:30:18  INFO      processor  [Monitor:Dev Entrance] 🔒 Cooldown set for 'KAYYOOM' — same=30s, others=10s
2026-05-26 15:30:18  INFO      processor  [Monitor:Dev Entrance] Scene: 1 face(s) | Known: KAYYOOM
2026-05-26 15:30:18  INFO      processor  [Monitor:Dev Entrance] Scene: 1 face(s) | Known: KAYYOOM
2026-05-26 15:30:18  INFO      processor  [Monitor:Dev Entrance] Scene: 1 face(s) | Known: KAYYOOM
2026-05-26 15:30:18  INFO      processor  [Monitor:Dev Entrance] Scene: 1 face(s) | Known: KAYYOOM
2026-05-26 15:30:18  INFO      processor  [Monitor:Dev Entrance] Scene: 1 face(s) | Known: KAYYOOM
2026-05-26 15:30:19  INFO      processor  [Monitor:Dev Entrance] Scene: 1 face(s) | Known: KAYYOOM
2026-05-26 15:30:20  INFO      httpx  HTTP Request: GET http://emplog.grapesonline.net/Employee/GetEmployeeDetails?RfID=0005608575 "HTTP/1.1 200 OK"
2026-05-26 15:30:20  INFO      engine  [RF-Check] http://emplog.grapesonline.net/Employee/GetEmployeeDetails → 200 {"status":200,"Data":[{"EmpID":117,"EmployeeName":"ABDUL KAYYOOM","DoorStatus":"OUT","Checkinstatus":"OUT","ExitType":"T
2026-05-26 15:30:20  INFO      processor  [Monitor:Dev Entrance] ✅ ACCESS GRANTED: 'KAYYOOM'
2026-05-26 15:30:20  INFO      httpx  HTTP Request: POST http://192.168.0.251:3596/api/User/SendTextToSpeaker?DeviceID=G-5889-6B1B-5AE0&Message=Welcome%20back%20from%20your%20tea%20break%2C%20%2C%20%2C%20KAYYOOM.%20Hope%20you%20are%20refreshed.&VoiceOption=Microsoft%20Zira%20Desktop "HTTP/1.1 200 OK"
2026-05-26 15:30:20  INFO      engine  [Speaker-API] Sent: 'Welcome back from your tea break, , , KAYYOOM. Hope you are refreshed.' (Device: G-5889-6B1B-5AE0) Status: 200
2026-05-26 15:30:20  INFO      engine  [Door-WS] Dev Entrance → WebSocket sent: OPEN_DOOR
2026-05-26 15:30:20  INFO      httpx  HTTP Request: POST http://emplog.grapesonline.net/Employee/LogEmployeeEntry?MacAddress=84:1F:E8:24:A0:5C&EmployeeID=117&Status=IN "HTTP/1.1 200 OK"
2026-05-26 15:30:48  INFO      processor  [Monitor:Dev Exit] Scene: 1 unknown face(s) detected.
2026-05-26 15:30:58  INFO      processor  [Monitor:Dev Entrance] Scene: 1 unknown face(s) detected.
2026-05-26 15:32:18  INFO      processor  [Monitor:Dev Exit] Scene: 1 unknown face(s) detected.
2026-05-26 15:32:26  INFO      processor  [Monitor:Dev Entrance] Scene: 1 unknown face(s) detected.
2026-05-26 15:32:27  INFO      processor  [Monitor:Dev Entrance] Scene: 1 face(s) | Known: BUHARI
2026-05-26 15:32:27  INFO      processor  [Monitor:Dev Entrance] Scene: 1 face(s) | Known: BUHARI
2026-05-26 15:32:27  INFO      processor  [Monitor:Dev Entrance] Scene: 1 face(s) | Known: BUHARI
2026-05-26 15:32:27  INFO      processor  [Monitor:Dev Entrance] 🔒 Cooldown set for 'BUHARI' — same=30s, others=10s
2026-05-26 15:32:28  INFO      httpx  HTTP Request: GET http://emplog.grapesonline.net/Employee/GetEmployeeDetails?RfID=0008779049 "HTTP/1.1 200 OK"
2026-05-26 15:32:28  INFO      engine  [RF-Check] http://emplog.grapesonline.net/Employee/GetEmployeeDetails → 200 {"status":200,"Data":[{"EmpID":20200,"EmployeeName":"BUHARI K ","DoorStatus":"OUT","Checkinstatus":"RdytoChkIn","ExitTyp
2026-05-26 15:32:28  INFO      processor  [Monitor:Dev Entrance] ✅ ACCESS GRANTED: 'BUHARI'
2026-05-26 15:32:28  INFO      httpx  HTTP Request: POST http://192.168.0.251:3596/api/User/SendTextToSpeaker?DeviceID=G-5889-6B1B-5AE0&Message=Good%20to%20see%20you%2C%20%2C%20%2C%20BUHARI.%20We%20hope%20you%20have%20a%20successful%20and%20pleasant%20day%20today.&VoiceOption=Microsoft%20Zira%20Desktop "HTTP/1.1 200 OK"
2026-05-26 15:32:28  INFO      engine  [Speaker-API] Sent: 'Good to see you, , , BUHARI. We hope you have a successful and pleasant day today.' (Device: G-5889-6B1B-5AE0) Status: 200
2026-05-26 15:32:28  INFO      engine  [Door-WS] Dev Entrance → WebSocket sent: OPEN_DOOR
2026-05-26 15:32:28  INFO      httpx  HTTP Request: POST http://emplog.grapesonline.net/Employee/LogEmployeeEntry?MacAddress=84:1F:E8:24:A0:5C&EmployeeID=20200&Status=IN "HTTP/1.1 200 OK"
2026-05-26 15:33:00  INFO      processor  [Monitor:Dev Exit] Scene: 1 unknown face(s) detected.
2026-05-26 15:35:58  INFO      processor  [Monitor:Dev Entrance] Scene: 1 unknown face(s) detected.
2026-05-26 15:36:07  INFO      processor  [Monitor:Dev Exit] Scene: 1 unknown face(s) detected.
2026-05-26 15:37:22  INFO      processor  [Monitor:Dev Exit] Scene: 1 unknown face(s) detected.
2026-05-26 15:37:43  INFO      processor  [Monitor:Dev Exit] Scene: 2 face(s) | Known: manu
2026-05-26 15:37:43  INFO      processor  [Monitor:Dev Exit] Scene: 2 face(s) | Known: manu
2026-05-26 15:37:45  INFO      main    Shutdown initiated ...
2026-05-26 15:37:45  INFO      processor  [RTSP:Dev Exit] Capture thread stopped.
2026-05-26 15:37:45  INFO      processor  [RTSP:Dev Entrance] Capture thread stopped.
2026-05-26 15:37:45  INFO      processor  [Processor] All camera monitors stopped.
2026-05-26 15:37:47  INFO      main  ============================================================
2026-05-26 15:37:47  INFO      main    FastAPI Door Access System — starting up ...
2026-05-26 15:37:47  INFO      main  ============================================================
2026-05-26 15:37:47  INFO      database  [DB] Schema initialised.
2026-05-26 15:37:47  INFO      main  [System] Running network diagnostics for cameras...
2026-05-26 15:37:47  INFO      main  [Diag:Dev Exit] ✅ Camera network reachable (Port 554)
2026-05-26 15:37:47  INFO      main  [Diag:Dev Entrance] ✅ Camera network reachable (Port 554)
2026-05-26 15:37:47  INFO      main  [Diag:Kinfra Exit] ✅ Camera network reachable (Port 554)
2026-05-26 15:37:47  INFO      main  [Diag:Kinfra Entrance] ✅ Camera network reachable (Port 554)
2026-05-26 15:37:47  INFO      database  [DB] Fetching all embeddings from SQL...
2026-05-26 15:37:47  INFO      database  [DB] SQL returned 25 rows.
2026-05-26 15:37:47  INFO      processor  [Processor] Camera 'Kinfra Exit' DISABLED — skipping.
2026-05-26 15:37:47  INFO      processor  [Processor] Camera 'Kinfra Entrance' DISABLED — skipping.
2026-05-26 15:37:47  INFO      processor  [Processor] Initialised 2 active camera(s).
2026-05-26 15:37:47  INFO      main    Startup complete. API ready on http://0.0.0.0:8000
2026-05-26 15:37:47  INFO      processor  [Monitor:Dev Exit] Vision pipeline starting.
2026-05-26 15:37:47  INFO      processor  [RTSP:Dev Exit] Connecting... (retry delay=2.0s)
2026-05-26 15:37:47  INFO      processor  [RTSP:Dev Exit] Capture thread started (target=10 FPS).
2026-05-26 15:37:47  INFO      processor  [Monitor:Dev Entrance] Vision pipeline starting.
2026-05-26 15:37:47  INFO      processor  [RTSP:Dev Entrance] Connecting... (retry delay=2.0s)
2026-05-26 15:37:47  INFO      processor  [RTSP:Dev Entrance] Capture thread started (target=10 FPS).
2026-05-26 15:37:47  INFO      database  [DB] Purged audit records older than 7 days.
2026-05-26 15:37:49  INFO      processor  [RTSP:Dev Exit] Connected successfully.
2026-05-26 15:37:49  INFO      engine  [Engine] Loading Unified FaceAnalysis (640x640) on GPU (Accelerated)...
2026-05-26 15:37:49  INFO      engine  [Engine] Unified Engine Ready.
2026-05-26 15:37:50  INFO      processor  [Monitor:Dev Exit] Scene: 2 unknown face(s) detected.
2026-05-26 15:37:50  INFO      processor  [RTSP:Dev Entrance] Connected successfully.
2026-05-26 15:37:51  INFO      processor  [Monitor:Dev Exit] Scene: 2 face(s) | Known: MANUPRASAD
2026-05-26 15:37:51  INFO      processor  [Monitor:Dev Exit] Scene: 2 face(s) | Known: MANUPRASAD
2026-05-26 15:37:52  INFO      processor  [Monitor:Dev Exit] Scene: 2 face(s) | Known: manu
2026-05-26 15:38:00  INFO      processor  [Monitor:Dev Exit] Scene: 2 face(s) | Known: AJITH P U
2026-05-26 15:38:00  INFO      processor  [Monitor:Dev Exit] Scene: 2 face(s) | Known: AJITH P U
2026-05-26 15:38:00  INFO      processor  [Monitor:Dev Exit] Scene: 2 face(s) | Known: AJITH P U
2026-05-26 15:38:00  INFO      processor  [Monitor:Dev Exit] 🔒 Cooldown set for 'AJITH P U' — same=30s, others=10s
2026-05-26 15:38:00  INFO      processor  [Monitor:Dev Exit] Scene: 1 face(s) | Known: AJITH P U
2026-05-26 15:38:01  INFO      processor  [Monitor:Dev Exit] Scene: 1 face(s) | Known: AJITH P U
2026-05-26 15:38:01  INFO      processor  [Monitor:Dev Exit] Scene: 2 face(s) | Known: AJITH P U
2026-05-26 15:38:01  INFO      processor  [Monitor:Dev Exit] Scene: 2 face(s) | Known: AJITH P U
2026-05-26 15:38:01  INFO      processor  [Monitor:Dev Exit] Scene: 2 face(s) | Known: AJITH P U
2026-05-26 15:38:02  INFO      httpx  HTTP Request: GET http://emplog.grapesonline.net/Employee/GetEmployeeDetails?RfID=0007194549 "HTTP/1.1 200 OK"
2026-05-26 15:38:02  INFO      engine  [RF-Check] http://emplog.grapesonline.net/Employee/GetEmployeeDetails → 200 {"status":200,"Data":[{"EmpID":20195,"EmployeeName":"AJITH P U","DoorStatus":"OUT","Checkinstatus":"OUT","ExitType":"Tea
2026-05-26 15:38:02  INFO      processor  [Monitor:Dev Exit] ✅ ACCESS GRANTED: 'AJITH P U'
2026-05-26 15:38:02  INFO      httpx  HTTP Request: POST http://192.168.0.251:3596/api/User/SendTextToSpeaker?DeviceID=G-5889-6B1B-5AE0&Message=Enjoy%20your%20tea%20break%2C%20%2C%20%2C%20AJITH%20P%20U.%20See%20you%20back%20in%20a%20moment.&VoiceOption=Microsoft%20Zira%20Desktop "HTTP/1.1 200 OK"
2026-05-26 15:38:02  INFO      engine  [Speaker-API] Sent: 'Enjoy your tea break, , , AJITH P U. See you back in a moment.' (Device: G-5889-6B1B-5AE0) Status: 200
2026-05-26 15:38:02  INFO      engine  [Door-WS] Dev Exit → WebSocket sent: OPEN_DOOR
2026-05-26 15:38:02  INFO      processor  [Monitor:Dev Exit] Scene: 3 face(s) | Known: manu
2026-05-26 15:38:03  INFO      httpx  HTTP Request: POST http://emplog.grapesonline.net/Employee/LogEmployeeEntry?MacAddress=84:1F:E8:24:A0:5C&EmployeeID=20195&Status=OUT "HTTP/1.1 200 OK"
2026-05-26 15:38:03  INFO      processor  [Monitor:Dev Exit] Scene: 4 face(s) | Known: manu
2026-05-26 15:38:03  INFO      processor  [Monitor:Dev Exit] Scene: 3 face(s) | Known: manu
2026-05-26 15:38:03  INFO      processor  [Monitor:Dev Exit] 🔒 Cooldown set for 'manu' — same=30s, others=10s
2026-05-26 15:38:03  INFO      processor  [Monitor:Dev Exit] Scene: 3 face(s) | Known: manu
2026-05-26 15:38:03  INFO      processor  [Monitor:Dev Exit] Scene: 3 face(s) | Known: manu
2026-05-26 15:38:03  INFO      httpx  HTTP Request: GET http://emplog.grapesonline.net/Employee/GetEmployeeDetails?RfID=0004813043 "HTTP/1.1 200 OK"
2026-05-26 15:38:03  INFO      engine  [RF-Check] http://emplog.grapesonline.net/Employee/GetEmployeeDetails → 200 {"status":200,"Data":[{"EmpID":130,"EmployeeName":"MANU VARGHESE","DoorStatus":"OUT","Checkinstatus":"OUT","ExitType":"T
2026-05-26 15:38:03  INFO      processor  [Monitor:Dev Exit] ✅ ACCESS GRANTED: 'manu'
2026-05-26 15:38:03  INFO      httpx  HTTP Request: POST http://192.168.0.251:3596/api/User/SendTextToSpeaker?DeviceID=G-5889-6B1B-5AE0&Message=Enjoy%20your%20tea%20break%2C%20%2C%20%2C%20manu.%20See%20you%20back%20in%20a%20moment.&VoiceOption=Microsoft%20Zira%20Desktop "HTTP/1.1 200 OK"
2026-05-26 15:38:03  INFO      engine  [Speaker-API] Sent: 'Enjoy your tea break, , , manu. See you back in a moment.' (Device: G-5889-6B1B-5AE0) Status: 200
2026-05-26 15:38:03  INFO      processor  [Monitor:Dev Exit] Scene: 3 face(s) | Known: manu
2026-05-26 15:38:03  INFO      engine  [Door-WS] Dev Exit → WebSocket sent: OPEN_DOOR
2026-05-26 15:38:04  INFO      engine  [Engine] Lock signal sent to 192.168.1.108
2026-05-26 15:38:04  INFO      httpx  HTTP Request: POST http://emplog.grapesonline.net/Employee/LogEmployeeEntry?MacAddress=84:1F:E8:24:A0:5C&EmployeeID=130&Status=OUT "HTTP/1.1 200 OK"
2026-05-26 15:38:05  INFO      processor  [Monitor:Dev Exit] Scene: 2 face(s) | Known: abhay
2026-05-26 15:38:05  INFO      processor  [Monitor:Dev Exit] Scene: 2 face(s) | Known: abhay
2026-05-26 15:38:05  INFO      processor  [Monitor:Dev Exit] Scene: 2 face(s) | Known: abhay, AJITH P U
2026-05-26 15:38:05  INFO      processor  [Monitor:Dev Exit] 🔒 Cooldown set for 'abhay' — same=30s, others=10s
2026-05-26 15:38:05  INFO      processor  [Monitor:Dev Exit] Scene: 2 face(s) | Known: abhay, AJITH P U
2026-05-26 15:38:05  INFO      processor  [Monitor:Dev Exit] Scene: 2 face(s) | Known: abhay, AJITH P U
2026-05-26 15:38:05  INFO      httpx  HTTP Request: GET http://emplog.grapesonline.net/Employee/GetEmployeeDetails?RfID=0008941168 "HTTP/1.1 200 OK"
2026-05-26 15:38:05  INFO      engine  [RF-Check] http://emplog.grapesonline.net/Employee/GetEmployeeDetails → 200 {"status":200,"Data":[{"EmpID":20148,"EmployeeName":"ABHAY RAMESH","DoorStatus":"IN","Checkinstatus":"OUT","ExitType":"T
2026-05-26 15:38:05  INFO      processor  [Monitor:Dev Exit] ✅ ACCESS GRANTED: 'abhay'
2026-05-26 15:38:05  INFO      httpx  HTTP Request: POST http://192.168.0.251:3596/api/User/SendTextToSpeaker?DeviceID=G-5889-6B1B-5AE0&Message=Enjoy%20your%20tea%20break%2C%20%2C%20%2C%20abhay.%20See%20you%20back%20in%20a%20moment.&VoiceOption=Microsoft%20Zira%20Desktop "HTTP/1.1 200 OK"
2026-05-26 15:38:05  INFO      engine  [Speaker-API] Sent: 'Enjoy your tea break, , , abhay. See you back in a moment.' (Device: G-5889-6B1B-5AE0) Status: 200
2026-05-26 15:38:05  INFO      processor  [Monitor:Dev Exit] Scene: 2 face(s) | Known: abhay, AJITH P U
2026-05-26 15:38:05  INFO      engine  [Door-WS] Dev Exit → WebSocket sent: OPEN_DOOR
2026-05-26 15:38:05  INFO      processor  [Monitor:Dev Exit] Scene: 2 face(s) | Known: abhay
2026-05-26 15:38:06  INFO      processor  [Monitor:Dev Exit] Scene: 1 face(s) | Known: abhay
2026-05-26 15:38:06  INFO      processor  [Monitor:Dev Exit] Scene: 1 face(s) | Known: abhay
2026-05-26 15:38:06  INFO      processor  [Monitor:Dev Exit] Scene: 1 face(s) | Known: abhay
2026-05-26 15:38:06  INFO      engine  [Engine] Lock signal sent to 192.168.1.77
2026-05-26 15:38:06  INFO      processor  [Monitor:Dev Exit] Scene: 1 face(s) | Known: abhay
2026-05-26 15:38:06  INFO      processor  [Monitor:Dev Exit] Scene: 1 face(s) | Known: abhay
2026-05-26 15:38:06  INFO      httpx  HTTP Request: POST http://emplog.grapesonline.net/Employee/LogEmployeeEntry?MacAddress=84:1F:E8:24:A0:5C&EmployeeID=20148&Status=OUT "HTTP/1.1 200 OK"
2026-05-26 15:38:06  INFO      processor  [Monitor:Dev Exit] Scene: 1 face(s) | Known: abhay
2026-05-26 15:38:06  INFO      processor  [Monitor:Dev Exit] Scene: 1 face(s) | Known: abhay
2026-05-26 15:38:06  INFO      processor  [Monitor:Dev Exit] Scene: 1 face(s) | Known: abhay
2026-05-26 15:38:06  INFO      processor  [Monitor:Dev Exit] Scene: 1 face(s) | Known: abhay
2026-05-26 15:38:06  INFO      processor  [Monitor:Dev Exit] Scene: 1 face(s) | Known: abhay
2026-05-26 15:38:12  INFO      processor  [Monitor:Dev Exit] Scene: 1 face(s) | Known: MANUPRASAD
2026-05-26 15:38:12  INFO      processor  [Monitor:Dev Exit] Scene: 2 face(s) | Known: MANUPRASAD
2026-05-26 15:38:17  INFO      processor  [Monitor:Dev Entrance] Scene: 1 unknown face(s) detected.
2026-05-26 15:38:36  INFO      processor  [Monitor:Dev Exit] Scene: 1 unknown face(s) detected.
2026-05-26 15:38:38  INFO      processor  [Monitor:Dev Exit] Scene: 1 face(s) | Known: abhay
2026-05-26 15:38:38  INFO      processor  [Monitor:Dev Exit] Scene: 1 face(s) | Known: abhay
2026-05-26 15:38:38  INFO      processor  [Monitor:Dev Exit] Scene: 1 face(s) | Known: abhay
2026-05-26 15:38:38  INFO      processor  [Monitor:Dev Exit] 🔒 Cooldown set for 'abhay' — same=30s, others=10s
2026-05-26 15:38:38  INFO      processor  [Monitor:Dev Exit] Scene: 1 face(s) | Known: abhay
2026-05-26 15:38:38  INFO      processor  [Monitor:Dev Exit] Scene: 1 face(s) | Known: abhay
2026-05-26 15:38:38  INFO      processor  [Monitor:Dev Exit] Scene: 1 face(s) | Known: abhay
2026-05-26 15:38:38  INFO      processor  [Monitor:Dev Exit] Scene: 1 face(s) | Known: abhay
2026-05-26 15:38:38  INFO      processor  [Monitor:Dev Exit] Scene: 1 face(s) | Known: abhay
2026-05-26 15:38:38  INFO      processor  [Monitor:Dev Exit] Scene: 1 face(s) | Known: abhay
2026-05-26 15:38:38  INFO      httpx  HTTP Request: GET http://emplog.grapesonline.net/Employee/GetEmployeeDetails?RfID=0008941168 "HTTP/1.1 200 OK"
2026-05-26 15:38:38  INFO      engine  [RF-Check] http://emplog.grapesonline.net/Employee/GetEmployeeDetails → 200 {"status":200,"Data":[{"EmpID":20148,"EmployeeName":"ABHAY RAMESH","DoorStatus":"OUT","Checkinstatus":"OUT","ExitType":"
2026-05-26 15:38:38  INFO      processor  [Monitor:Dev Exit] ✅ ACCESS GRANTED: 'abhay'
2026-05-26 15:38:38  INFO      httpx  HTTP Request: POST http://192.168.0.251:3596/api/User/SendTextToSpeaker?DeviceID=G-5889-6B1B-5AE0&Message=Enjoy%20your%20tea%20break%2C%20%2C%20%2C%20abhay.%20See%20you%20back%20in%20a%20moment.&VoiceOption=Microsoft%20Zira%20Desktop "HTTP/1.1 200 OK"
2026-05-26 15:38:38  INFO      engine  [Speaker-API] Sent: 'Enjoy your tea break, , , abhay. See you back in a moment.' (Device: G-5889-6B1B-5AE0) Status: 200
2026-05-26 15:38:38  INFO      processor  [Monitor:Dev Exit] Scene: 1 face(s) | Known: abhay
2026-05-26 15:38:39  INFO      engine  [Door-WS] Dev Exit → WebSocket sent: OPEN_DOOR
2026-05-26 15:38:39  INFO      processor  [Monitor:Dev Exit] Scene: 1 face(s) | Known: abhay
2026-05-26 15:38:39  INFO      processor  [Monitor:Dev Exit] Scene: 1 face(s) | Known: abhay
2026-05-26 15:38:39  INFO      processor  [Monitor:Dev Exit] Scene: 1 face(s) | Known: abhay
2026-05-26 15:38:39  INFO      processor  [Monitor:Dev Exit] Scene: 1 face(s) | Known: abhay
2026-05-26 15:38:39  INFO      engine  [Engine] Lock signal sent to 192.168.1.77
2026-05-26 15:38:39  INFO      processor  [Monitor:Dev Exit] Scene: 1 face(s) | Known: abhay
2026-05-26 15:38:39  INFO      processor  [Monitor:Dev Exit] Scene: 1 face(s) | Known: abhay
2026-05-26 15:38:39  INFO      httpx  HTTP Request: POST http://emplog.grapesonline.net/Employee/LogEmployeeEntry?MacAddress=84:1F:E8:24:A0:5C&EmployeeID=20148&Status=OUT "HTTP/1.1 200 OK"
2026-05-26 15:38:39  INFO      engine  [Engine] ⚡ AUTO-OPTIMIZED identity for 'abhay' (Face model refreshed).
2026-05-26 15:38:39  INFO      engine  [Engine] Fetching embeddings from database...
2026-05-26 15:38:39  INFO      database  [DB] Fetching all embeddings from SQL...
2026-05-26 15:38:39  INFO      database  [DB] SQL returned 25 rows.
2026-05-26 15:38:39  INFO      engine  [Engine] Fetched data for 25 employees.
2026-05-26 15:38:39  INFO      engine  [Engine] Building HNSW index with 65 vectors in background...
2026-05-26 15:38:39  INFO      engine  [Engine] Index ready (65 vectors).
2026-05-26 15:38:39  INFO      processor  [Monitor:Dev Exit] Scene: 1 face(s) | Known: abhay
2026-05-26 15:38:47  INFO      database  [DB] Starting periodic maintenance...
2026-05-26 15:38:47  INFO      database  [DB] Purged audit records older than 7 days.
2026-05-26 15:38:47  INFO      database  [DB] Maintenance complete. Access logs older than 2 days purged.
2026-05-26 15:38:59  INFO      database  [DB] FAISS index blob saved to SQL system_config.
2026-05-26 15:39:07  INFO      processor  [Monitor:Dev Exit] Scene: 1 unknown face(s) detected.
2026-05-26 15:39:07  INFO      processor  [Monitor:Dev Exit] Scene: 1 face(s) | Known: abhay
2026-05-26 15:39:07  INFO      processor  [Monitor:Dev Exit] Scene: 1 face(s) | Known: abhay
2026-05-26 15:39:07  INFO      processor  [Monitor:Dev Exit] Scene: 1 face(s) | Known: abhay
2026-05-26 15:39:07  INFO      processor  [Monitor:Dev Exit] Scene: 1 face(s) | Known: abhay
2026-05-26 15:39:07  INFO      processor  [Monitor:Dev Exit] Scene: 1 face(s) | Known: abhay
2026-05-26 15:39:07  INFO      processor  [Monitor:Dev Exit] Scene: 1 face(s) | Known: abhay
2026-05-26 15:39:07  INFO      processor  [Monitor:Dev Exit] Scene: 1 face(s) | Known: abhay
2026-05-26 15:39:07  INFO      processor  [Monitor:Dev Exit] Scene: 1 face(s) | Known: abhay
2026-05-26 15:39:08  INFO      processor  [Monitor:Dev Exit] Scene: 1 face(s) | Known: abhay
2026-05-26 15:39:08  INFO      processor  [Monitor:Dev Exit] Scene: 1 face(s) | Known: abhay
2026-05-26 15:39:08  INFO      processor  [Monitor:Dev Exit] Scene: 1 face(s) | Known: abhay
2026-05-26 15:39:08  INFO      processor  [Monitor:Dev Exit] Scene: 1 face(s) | Known: abhay
2026-05-26 15:39:08  INFO      processor  [Monitor:Dev Exit] 🔒 Cooldown set for 'abhay' — same=30s, others=10s
2026-05-26 15:39:08  INFO      processor  [Monitor:Dev Exit] Scene: 1 face(s) | Known: abhay
2026-05-26 15:39:08  INFO      processor  [Monitor:Dev Exit] Scene: 1 face(s) | Known: abhay
2026-05-26 15:39:08  INFO      processor  [Monitor:Dev Exit] Scene: 1 face(s) | Known: abhay
2026-05-26 15:39:08  INFO      processor  [Monitor:Dev Exit] Scene: 1 face(s) | Known: abhay
2026-05-26 15:39:08  INFO      processor  [Monitor:Dev Exit] Scene: 1 face(s) | Known: abhay
2026-05-26 15:39:08  INFO      processor  [Monitor:Dev Exit] Scene: 1 face(s) | Known: abhay
2026-05-26 15:39:08  INFO      httpx  HTTP Request: GET http://emplog.grapesonline.net/Employee/GetEmployeeDetails?RfID=0008941168 "HTTP/1.1 200 OK"
2026-05-26 15:39:08  INFO      engine  [RF-Check] http://emplog.grapesonline.net/Employee/GetEmployeeDetails → 200 {"status":200,"Data":[{"EmpID":20148,"EmployeeName":"ABHAY RAMESH","DoorStatus":"OUT","Checkinstatus":"OUT","ExitType":"
2026-05-26 15:39:08  INFO      processor  [Monitor:Dev Exit] ✅ ACCESS GRANTED: 'abhay'
2026-05-26 15:39:08  INFO      httpx  HTTP Request: POST http://192.168.0.251:3596/api/User/SendTextToSpeaker?DeviceID=G-5889-6B1B-5AE0&Message=Enjoy%20your%20tea%20break%2C%20%2C%20%2C%20abhay.%20See%20you%20back%20in%20a%20moment.&VoiceOption=Microsoft%20Zira%20Desktop "HTTP/1.1 200 OK"
2026-05-26 15:39:08  INFO      engine  [Speaker-API] Sent: 'Enjoy your tea break, , , abhay. See you back in a moment.' (Device: G-5889-6B1B-5AE0) Status: 200
2026-05-26 15:39:09  INFO      processor  [Monitor:Dev Exit] Scene: 1 face(s) | Known: abhay
2026-05-26 15:39:09  INFO      engine  [Door-WS] Dev Exit → WebSocket sent: OPEN_DOOR
2026-05-26 15:39:09  INFO      processor  [Monitor:Dev Exit] Scene: 1 face(s) | Known: abhay
2026-05-26 15:39:09  INFO      processor  [Monitor:Dev Exit] Scene: 1 face(s) | Known: abhay
2026-05-26 15:39:09  INFO      processor  [Monitor:Dev Exit] Scene: 1 face(s) | Known: abhay
2026-05-26 15:39:09  INFO      engine  [Engine] Lock signal sent to 192.168.1.77
2026-05-26 15:39:09  INFO      processor  [Monitor:Dev Exit] Scene: 1 face(s) | Known: abhay
2026-05-26 15:39:09  INFO      processor  [Monitor:Dev Exit] Scene: 1 face(s) | Known: abhay
2026-05-26 15:39:09  INFO      httpx  HTTP Request: POST http://emplog.grapesonline.net/Employee/LogEmployeeEntry?MacAddress=84:1F:E8:24:A0:5C&EmployeeID=20148&Status=OUT "HTTP/1.1 200 OK"
2026-05-26 15:39:09  INFO      processor  [Monitor:Dev Exit] Scene: 1 face(s) | Known: abhay
2026-05-26 15:39:09  INFO      processor  [Monitor:Dev Exit] Scene: 1 face(s) | Known: abhay
2026-05-26 15:39:09  INFO      processor  [Monitor:Dev Exit] Scene: 1 face(s) | Known: abhay
2026-05-26 15:39:09  INFO      processor  [Monitor:Dev Exit] Scene: 1 face(s) | Known: abhay
2026-05-26 15:39:10  INFO      processor  [Monitor:Dev Exit] Scene: 1 face(s) | Known: abhay
2026-05-26 15:39:10  INFO      processor  [Monitor:Dev Exit] Scene: 1 face(s) | Known: abhay
2026-05-26 15:39:10  INFO      processor  [Monitor:Dev Exit] Scene: 1 face(s) | Known: abhay
2026-05-26 15:39:10  INFO      processor  [Monitor:Dev Exit] Scene: 1 face(s) | Known: abhay
2026-05-26 15:39:10  INFO      processor  [Monitor:Dev Exit] Scene: 1 face(s) | Known: abhay
2026-05-26 15:39:11  INFO      processor  [Monitor:Dev Exit] Scene: 1 face(s) | Known: abhay
2026-05-26 15:39:11  INFO      processor  [Monitor:Dev Exit] Scene: 1 face(s) | Known: abhay
2026-05-26 15:39:11  INFO      processor  [Monitor:Dev Exit] Scene: 1 face(s) | Known: abhay
2026-05-26 15:39:11  INFO      processor  [Monitor:Dev Exit] Scene: 1 face(s) | Known: abhay
2026-05-26 15:39:13  INFO      processor  [Monitor:Dev Entrance] Scene: 1 unknown face(s) detected.
2026-05-26 15:44:25  INFO      processor  [Monitor:Dev Exit] Scene: 1 unknown face(s) detected.
2026-05-26 15:44:35  INFO      processor  [Monitor:Dev Entrance] Scene: 1 unknown face(s) detected.
2026-05-26 15:44:59  INFO      processor  [Monitor:Dev Exit] Scene: 1 unknown face(s) detected.
2026-05-26 15:48:14  INFO      processor  [Monitor:Dev Entrance] Scene: 1 unknown face(s) detected.
2026-05-26 15:48:21  INFO      processor  [Monitor:Dev Exit] Scene: 1 unknown face(s) detected.
2026-05-26 15:49:28  INFO      processor  [Monitor:Dev Entrance] Scene: 1 unknown face(s) detected.
2026-05-26 15:49:33  INFO      processor  [Monitor:Dev Entrance] Scene: 1 face(s) | Known: NOBLE PRINCE
2026-05-26 15:49:33  INFO      processor  [Monitor:Dev Entrance] Scene: 1 face(s) | Known: NOBLE PRINCE
2026-05-26 15:49:33  INFO      processor  [Monitor:Dev Entrance] Scene: 1 face(s) | Known: NOBLE PRINCE
2026-05-26 15:49:33  INFO      processor  [Monitor:Dev Entrance] 🔒 Cooldown set for 'NOBLE PRINCE' — same=30s, others=10s
2026-05-26 15:49:34  INFO      processor  [Monitor:Dev Entrance] Scene: 1 face(s) | Known: NOBLE PRINCE
2026-05-26 15:49:34  INFO      processor  [Monitor:Dev Entrance] Scene: 1 face(s) | Known: NOBLE PRINCE
2026-05-26 15:49:34  INFO      processor  [Monitor:Dev Entrance] Scene: 1 face(s) | Known: NOBLE PRINCE
2026-05-26 15:49:34  INFO      processor  [Monitor:Dev Entrance] Scene: 1 face(s) | Known: NOBLE PRINCE
2026-05-26 15:49:34  INFO      processor  [Monitor:Dev Exit] Scene: 1 unknown face(s) detected.
2026-05-26 15:49:34  INFO      processor  [Monitor:Dev Entrance] Scene: 1 face(s) | Known: NOBLE PRINCE
2026-05-26 15:49:34  INFO      processor  [Monitor:Dev Entrance] Scene: 1 face(s) | Known: NOBLE PRINCE
2026-05-26 15:49:34  INFO      processor  [Monitor:Dev Entrance] Scene: 1 face(s) | Known: NOBLE PRINCE
2026-05-26 15:49:35  INFO      httpx  HTTP Request: GET http://emplog.grapesonline.net/Employee/GetEmployeeDetails?RfID=0008944727 "HTTP/1.1 200 OK"
2026-05-26 15:49:35  INFO      engine  [RF-Check] http://emplog.grapesonline.net/Employee/GetEmployeeDetails → 200 {"status":200,"Data":[{"EmpID":43,"EmployeeName":"NOBLE PRINCE","DoorStatus":"OUT","Checkinstatus":"OUT","ExitType":"Res
2026-05-26 15:49:35  INFO      processor  [Monitor:Dev Entrance] ✅ ACCESS GRANTED: 'NOBLE PRINCE'
2026-05-26 15:49:35  INFO      httpx  HTTP Request: POST http://192.168.0.251:3596/api/User/SendTextToSpeaker?DeviceID=G-5889-6B1B-5AE0&Message=Hello%2C%20%2C%20%2C%20NOBLE%20PRINCE.%20Welcome%20back%20to%20the%20facility.%20Have%20a%20great%20day%20ahead.&VoiceOption=Microsoft%20Zira%20Desktop "HTTP/1.1 200 OK"
2026-05-26 15:49:35  INFO      engine  [Speaker-API] Sent: 'Hello, , , NOBLE PRINCE. Welcome back to the facility. Have a great day ahead.' (Device: G-5889-6B1B-5AE0) Status: 200
2026-05-26 15:49:35  INFO      engine  [Door-WS] Dev Entrance → WebSocket sent: OPEN_DOOR
2026-05-26 15:49:36  INFO      httpx  HTTP Request: POST http://emplog.grapesonline.net/Employee/LogEmployeeEntry?MacAddress=84:1F:E8:24:A0:5C&EmployeeID=43&Status=IN "HTTP/1.1 200 OK"
2026-05-26 15:49:36  INFO      engine  [Engine] ⚡ AUTO-OPTIMIZED identity for 'NOBLE PRINCE' (Face model refreshed).
2026-05-26 15:49:36  INFO      engine  [Engine] Fetching embeddings from database...
2026-05-26 15:49:36  INFO      database  [DB] Fetching all embeddings from SQL...
2026-05-26 15:49:36  INFO      database  [DB] SQL returned 25 rows.
2026-05-26 15:49:36  INFO      engine  [Engine] Fetched data for 25 employees.
2026-05-26 15:49:36  INFO      engine  [Engine] Building HNSW index with 65 vectors in background...
2026-05-26 15:49:36  INFO      engine  [Engine] Index ready (65 vectors).
2026-05-26 15:49:42  INFO      database  [DB] FAISS index blob saved to SQL system_config.
2026-05-26 15:54:35  INFO      processor  [Monitor:Dev Entrance] Scene: 1 unknown face(s) detected.
2026-05-26 15:54:39  INFO      processor  [Monitor:Dev Entrance] Scene: 2 face(s) | Known: ASWIN
2026-05-26 15:54:39  INFO      processor  [Monitor:Dev Entrance] Scene: 1 face(s) | Known: ASWIN
2026-05-26 15:54:39  INFO      processor  [Monitor:Dev Entrance] Scene: 1 face(s) | Known: ASWIN
2026-05-26 15:54:39  INFO      processor  [Monitor:Dev Entrance] 🔒 Cooldown set for 'ASWIN' — same=30s, others=10s
2026-05-26 15:54:39  INFO      processor  [Monitor:Dev Entrance] Scene: 1 face(s) | Known: ASWIN
2026-05-26 15:54:39  INFO      processor  [Monitor:Dev Entrance] Scene: 1 face(s) | Known: ASWIN
2026-05-26 15:54:39  INFO      processor  [Monitor:Dev Entrance] Scene: 1 face(s) | Known: ASWIN
2026-05-26 15:54:40  INFO      processor  [Monitor:Dev Entrance] Scene: 1 face(s) | Known: ASWIN
2026-05-26 15:54:40  INFO      processor  [Monitor:Dev Entrance] Scene: 1 face(s) | Known: ASWIN
2026-05-26 15:54:40  INFO      processor  [Monitor:Dev Entrance] Scene: 1 face(s) | Known: ASWIN
2026-05-26 15:54:40  INFO      processor  [Monitor:Dev Entrance] Scene: 2 face(s) | Known: ASWIN
2026-05-26 15:54:40  INFO      processor  [Monitor:Dev Entrance] Scene: 1 face(s) | Known: ASWIN
2026-05-26 15:54:40  INFO      processor  [Monitor:Dev Entrance] Scene: 1 face(s) | Known: ASWIN
2026-05-26 15:54:40  INFO      processor  [Monitor:Dev Exit] Scene: 1 unknown face(s) detected.
2026-05-26 15:54:40  INFO      processor  [Monitor:Dev Entrance] Scene: 1 face(s) | Known: ASWIN
2026-05-26 15:54:40  INFO      processor  [Monitor:Dev Entrance] Scene: 1 face(s) | Known: ASWIN
2026-05-26 15:54:40  INFO      processor  [Monitor:Dev Entrance] Scene: 1 face(s) | Known: ASWIN
2026-05-26 15:54:41  INFO      processor  [Monitor:Dev Entrance] Scene: 1 face(s) | Known: ASWIN
2026-05-26 15:54:41  INFO      httpx  HTTP Request: GET http://emplog.grapesonline.net/Employee/GetEmployeeDetails?RfID=0001906527 "HTTP/1.1 200 OK"
2026-05-26 15:54:41  INFO      engine  [RF-Check] http://emplog.grapesonline.net/Employee/GetEmployeeDetails → 200 {"status":200,"Data":[{"EmpID":20188,"EmployeeName":"ASWIN N A","DoorStatus":"OUT","Checkinstatus":"OUT","ExitType":"Tea
2026-05-26 15:54:41  INFO      processor  [Monitor:Dev Entrance] ✅ ACCESS GRANTED: 'ASWIN'
2026-05-26 15:54:41  INFO      httpx  HTTP Request: POST http://192.168.0.251:3596/api/User/SendTextToSpeaker?DeviceID=G-5889-6B1B-5AE0&Message=Welcome%20back%20from%20your%20tea%20break%2C%20%2C%20%2C%20ASWIN.%20Hope%20you%20are%20refreshed.&VoiceOption=Microsoft%20Zira%20Desktop "HTTP/1.1 200 OK"
2026-05-26 15:54:41  INFO      engine  [Speaker-API] Sent: 'Welcome back from your tea break, , , ASWIN. Hope you are refreshed.' (Device: G-5889-6B1B-5AE0) Status: 200
2026-05-26 15:54:41  INFO      processor  [Monitor:Dev Entrance] Scene: 1 face(s) | Known: ASWIN
2026-05-26 15:54:41  INFO      processor  [Monitor:Dev Entrance] Scene: 1 face(s) | Known: ASWIN
2026-05-26 15:54:41  INFO      engine  [Door-WS] Dev Entrance → WebSocket sent: OPEN_DOOR
2026-05-26 15:54:41  INFO      processor  [Monitor:Dev Entrance] Scene: 1 face(s) | Known: ASWIN
2026-05-26 15:54:41  INFO      processor  [Monitor:Dev Entrance] Scene: 1 face(s) | Known: ASWIN
2026-05-26 15:54:41  INFO      httpx  HTTP Request: POST http://emplog.grapesonline.net/Employee/LogEmployeeEntry?MacAddress=84:1F:E8:24:A0:5C&EmployeeID=20188&Status=IN "HTTP/1.1 200 OK"
2026-05-26 15:54:41  INFO      engine  [Engine] ⚡ AUTO-OPTIMIZED identity for 'ASWIN' (Face model refreshed).
2026-05-26 15:54:41  INFO      engine  [Engine] Fetching embeddings from database...
2026-05-26 15:54:41  INFO      database  [DB] Fetching all embeddings from SQL...
2026-05-26 15:54:42  INFO      database  [DB] SQL returned 25 rows.
2026-05-26 15:54:42  INFO      engine  [Engine] Fetched data for 25 employees.
2026-05-26 15:54:42  INFO      engine  [Engine] Building HNSW index with 65 vectors in background...
2026-05-26 15:54:42  INFO      engine  [Engine] Index ready (65 vectors).
2026-05-26 15:54:55  INFO      database  [DB] FAISS index blob saved to SQL system_config.
2026-05-26 15:55:03  INFO      processor  [Monitor:Dev Exit] Scene: 1 face(s) | Known: MANUPRASAD
2026-05-26 15:55:03  INFO      processor  [Monitor:Dev Exit] Scene: 1 face(s) | Known: MANUPRASAD
2026-05-26 15:55:06  INFO      processor  [Monitor:Dev Entrance] Scene: 1 unknown face(s) detected.
2026-05-26 15:55:16  INFO      processor  [Monitor:Dev Exit] Scene: 1 unknown face(s) detected.
2026-05-26 15:56:53  INFO      processor  [Monitor:Dev Exit] Scene: 1 unknown face(s) detected.
2026-05-26 16:00:39  INFO      processor  [Monitor:Dev Exit] Scene: 1 unknown face(s) detected.
2026-05-26 16:00:53  INFO      processor  [Monitor:Dev Entrance] Scene: 1 unknown face(s) detected.
2026-05-26 16:02:00  INFO      processor  [Monitor:Dev Entrance] Scene: 1 unknown face(s) detected.
2026-05-26 16:02:01  INFO      processor  [Monitor:Dev Entrance] Scene: 1 face(s) | Known: ALOSIOUS
2026-05-26 16:02:01  INFO      processor  [Monitor:Dev Entrance] Scene: 1 face(s) | Known: ALOSIOUS
2026-05-26 16:02:01  INFO      processor  [Monitor:Dev Entrance] Scene: 1 face(s) | Known: ALOSIOUS
2026-05-26 16:02:01  INFO      processor  [Monitor:Dev Entrance] 🔒 Cooldown set for 'ALOSIOUS' — same=30s, others=10s
2026-05-26 16:02:01  INFO      processor  [Monitor:Dev Entrance] Scene: 1 face(s) | Known: ALOSIOUS
2026-05-26 16:02:01  INFO      processor  [Monitor:Dev Entrance] Scene: 1 face(s) | Known: ALOSIOUS
2026-05-26 16:02:01  INFO      processor  [Monitor:Dev Entrance] Scene: 1 face(s) | Known: ALOSIOUS
2026-05-26 16:02:01  INFO      httpx  HTTP Request: GET http://emplog.grapesonline.net/Employee/GetEmployeeDetails?RfID=0001905253 "HTTP/1.1 200 OK"
2026-05-26 16:02:01  INFO      engine  [RF-Check] http://emplog.grapesonline.net/Employee/GetEmployeeDetails → 200 {"status":200,"Data":[{"EmpID":86,"EmployeeName":"ALOSIOUS JOY","DoorStatus":"OUT","Checkinstatus":"RdytoChkIn","ExitTyp
2026-05-26 16:02:01  INFO      processor  [Monitor:Dev Entrance] ✅ ACCESS GRANTED: 'ALOSIOUS'
2026-05-26 16:02:01  INFO      processor  [Monitor:Dev Entrance] Scene: 1 face(s) | Known: ALOSIOUS
2026-05-26 16:02:01  INFO      httpx  HTTP Request: POST http://192.168.0.251:3596/api/User/SendTextToSpeaker?DeviceID=G-5889-6B1B-5AE0&Message=Good%20to%20see%20you%2C%20%2C%20%2C%20ALOSIOUS.%20We%20hope%20you%20have%20a%20successful%20and%20pleasant%20day%20today.&VoiceOption=Microsoft%20Zira%20Desktop "HTTP/1.1 200 OK"
2026-05-26 16:02:01  INFO      engine  [Speaker-API] Sent: 'Good to see you, , , ALOSIOUS. We hope you have a successful and pleasant day today.' (Device: G-5889-6B1B-5AE0) Status: 200
2026-05-26 16:02:02  INFO      engine  [Door-WS] Dev Entrance → WebSocket sent: OPEN_DOOR
2026-05-26 16:02:02  INFO      httpx  HTTP Request: POST http://emplog.grapesonline.net/Employee/LogEmployeeEntry?MacAddress=84:1F:E8:24:A0:5C&EmployeeID=86&Status=IN "HTTP/1.1 200 OK"
2026-05-26 16:02:06  INFO      processor  [Monitor:Dev Exit] Scene: 1 unknown face(s) detected.
2026-05-26 16:02:58  INFO      processor  [Monitor:Dev Exit] Scene: 1 unknown face(s) detected.
2026-05-26 16:03:08  INFO      processor  [Monitor:Dev Entrance] Scene: 1 unknown face(s) detected.
2026-05-26 16:05:04  INFO      processor  [Monitor:Dev Entrance] Scene: 1 unknown face(s) detected.
2026-05-26 16:05:12  INFO      processor  [Monitor:Dev Exit] Scene: 1 unknown face(s) detected.
2026-05-26 16:16:03  INFO      processor  [Monitor:Dev Exit] Scene: 1 unknown face(s) detected.
2026-05-26 16:21:14  INFO      processor  [Monitor:Dev Exit] Scene: 1 unknown face(s) detected.
2026-05-26 16:21:16  INFO      processor  [Monitor:Dev Exit] Scene: 1 face(s) | Known: JAYAKRISHNA
2026-05-26 16:21:16  INFO      processor  [Monitor:Dev Exit] Scene: 1 face(s) | Known: JAYAKRISHNA
2026-05-26 16:21:16  INFO      processor  [Monitor:Dev Exit] Scene: 1 face(s) | Known: JAYAKRISHNA
2026-05-26 16:21:16  INFO      processor  [Monitor:Dev Exit] 🔒 Cooldown set for 'JAYAKRISHNA' — same=30s, others=10s
2026-05-26 16:21:17  INFO      processor  [Monitor:Dev Exit] Scene: 1 face(s) | Known: JAYAKRISHNA
2026-05-26 16:21:17  INFO      processor  [Monitor:Dev Exit] Scene: 1 face(s) | Known: JAYAKRISHNA
2026-05-26 16:21:17  INFO      processor  [Monitor:Dev Exit] Scene: 1 face(s) | Known: JAYAKRISHNA
2026-05-26 16:21:17  INFO      processor  [Monitor:Dev Exit] Scene: 1 face(s) | Known: JAYAKRISHNA
2026-05-26 16:21:17  INFO      processor  [Monitor:Dev Exit] Scene: 1 face(s) | Known: JAYAKRISHNA
2026-05-26 16:21:17  INFO      processor  [Monitor:Dev Exit] Scene: 1 face(s) | Known: JAYAKRISHNA
2026-05-26 16:21:17  INFO      processor  [Monitor:Dev Exit] Scene: 1 face(s) | Known: JAYAKRISHNA
2026-05-26 16:21:17  INFO      processor  [Monitor:Dev Exit] Scene: 1 face(s) | Known: JAYAKRISHNA
2026-05-26 16:21:17  INFO      processor  [Monitor:Dev Exit] Scene: 1 face(s) | Known: JAYAKRISHNA
2026-05-26 16:21:17  INFO      processor  [Monitor:Dev Exit] Scene: 1 face(s) | Known: JAYAKRISHNA
2026-05-26 16:21:18  INFO      processor  [Monitor:Dev Exit] Scene: 1 face(s) | Known: JAYAKRISHNA
2026-05-26 16:21:18  INFO      processor  [Monitor:Dev Exit] Scene: 1 face(s) | Known: JAYAKRISHNA
2026-05-26 16:21:18  INFO      processor  [Monitor:Dev Exit] Scene: 1 face(s) | Known: JAYAKRISHNA
2026-05-26 16:21:18  INFO      httpx  HTTP Request: GET http://emplog.grapesonline.net/Employee/GetEmployeeDetails?RfID=0007194544 "HTTP/1.1 200 OK"
2026-05-26 16:21:18  INFO      engine  [RF-Check] http://emplog.grapesonline.net/Employee/GetEmployeeDetails → 200 {"status":200,"Data":[{"EmpID":20194,"EmployeeName":"SREE JAYAKRISHNA","DoorStatus":"IN","Checkinstatus":"RdytoChkIn","E
2026-05-26 16:21:18  INFO      processor  [Monitor:Dev Exit] ✅ ACCESS GRANTED: 'JAYAKRISHNA'
2026-05-26 16:21:18  INFO      httpx  HTTP Request: POST http://192.168.0.251:3596/api/User/SendTextToSpeaker?DeviceID=G-5889-6B1B-5AE0&Message=Take%20care%2C%20%2C%20%2C%20JAYAKRISHNA.%20It%20was%20a%20pleasure%20having%20you%20here%20today.%20Goodbye.&VoiceOption=Microsoft%20Zira%20Desktop "HTTP/1.1 200 OK"
2026-05-26 16:21:18  INFO      engine  [Speaker-API] Sent: 'Take care, , , JAYAKRISHNA. It was a pleasure having you here today. Goodbye.' (Device: G-5889-6B1B-5AE0) Status: 200
2026-05-26 16:21:18  INFO      engine  [Door-WS] Dev Exit → WebSocket sent: OPEN_DOOR
2026-05-26 16:21:19  INFO      httpx  HTTP Request: POST http://emplog.grapesonline.net/Employee/LogEmployeeEntry?MacAddress=84:1F:E8:24:A0:5C&EmployeeID=20194&Status=OUT "HTTP/1.1 200 OK"
2026-05-26 16:21:19  INFO      processor  [Monitor:Dev Exit] Scene: 1 face(s) | Known: JAYAKRISHNA
2026-05-26 16:21:19  INFO      processor  [Monitor:Dev Exit] Scene: 1 face(s) | Known: JAYAKRISHNA
2026-05-26 16:21:20  INFO      processor  [Monitor:Dev Exit] Scene: 1 face(s) | Known: JAYAKRISHNA
2026-05-26 16:21:20  INFO      processor  [Monitor:Dev Exit] Scene: 1 face(s) | Known: JAYAKRISHNA
2026-05-26 16:21:20  INFO      processor  [Monitor:Dev Exit] Scene: 1 face(s) | Known: JAYAKRISHNA
2026-05-26 16:21:20  INFO      processor  [Monitor:Dev Exit] Scene: 1 face(s) | Known: JAYAKRISHNA
2026-05-26 16:21:20  INFO      processor  [Monitor:Dev Exit] Scene: 1 face(s) | Known: JAYAKRISHNA
2026-05-26 16:21:20  INFO      processor  [Monitor:Dev Exit] Scene: 1 face(s) | Known: JAYAKRISHNA
2026-05-26 16:21:20  INFO      processor  [Monitor:Dev Exit] Scene: 1 face(s) | Known: JAYAKRISHNA
2026-05-26 16:21:20  INFO      processor  [Monitor:Dev Exit] Scene: 1 face(s) | Known: JAYAKRISHNA
2026-05-26 16:21:21  INFO      processor  [Monitor:Dev Exit] Scene: 1 face(s) | Known: JAYAKRISHNA
2026-05-26 16:21:21  INFO      processor  [Monitor:Dev Exit] Scene: 1 face(s) | Known: JAYAKRISHNA
2026-05-26 16:21:21  INFO      processor  [Monitor:Dev Exit] Scene: 1 face(s) | Known: JAYAKRISHNA
2026-05-26 16:21:21  INFO      processor  [Monitor:Dev Exit] Scene: 1 face(s) | Known: JAYAKRISHNA
2026-05-26 16:21:21  INFO      processor  [Monitor:Dev Exit] Scene: 1 face(s) | Known: JAYAKRISHNA
2026-05-26 16:21:21  INFO      processor  [Monitor:Dev Exit] Scene: 1 face(s) | Known: JAYAKRISHNA
2026-05-26 16:21:21  INFO      processor  [Monitor:Dev Exit] Scene: 1 face(s) | Known: JAYAKRISHNA
2026-05-26 16:21:21  INFO      processor  [Monitor:Dev Exit] Scene: 1 face(s) | Known: JAYAKRISHNA
2026-05-26 16:21:22  INFO      processor  [Monitor:Dev Exit] Scene: 1 face(s) | Known: JAYAKRISHNA
2026-05-26 16:21:22  INFO      processor  [Monitor:Dev Exit] Scene: 1 face(s) | Known: JAYAKRISHNA
2026-05-26 16:21:23  INFO      processor  [Monitor:Dev Exit] Scene: 1 face(s) | Known: JAYAKRISHNA
2026-05-26 16:21:23  INFO      processor  [Monitor:Dev Exit] Scene: 1 face(s) | Known: JAYAKRISHNA
2026-05-26 16:21:23  INFO      processor  [Monitor:Dev Exit] Scene: 1 face(s) | Known: JAYAKRISHNA
2026-05-26 16:21:24  INFO      processor  [Monitor:Dev Exit] Scene: 1 face(s) | Known: JAYAKRISHNA
2026-05-26 16:21:24  INFO      processor  [Monitor:Dev Exit] Scene: 1 face(s) | Known: JAYAKRISHNA
2026-05-26 16:21:24  INFO      processor  [Monitor:Dev Exit] Scene: 1 face(s) | Known: JAYAKRISHNA
2026-05-26 16:21:28  INFO      processor  [Monitor:Dev Entrance] Scene: 1 unknown face(s) detected.
2026-05-26 16:22:36  INFO      processor  [Monitor:Dev Entrance] Scene: 1 face(s) | Known: JESWIN THOMAS
2026-05-26 16:22:36  INFO      processor  [Monitor:Dev Entrance] Scene: 1 face(s) | Known: JESWIN THOMAS
2026-05-26 16:22:37  INFO      processor  [Monitor:Dev Entrance] Scene: 1 face(s) | Known: JESWIN THOMAS
2026-05-26 16:22:37  INFO      processor  [Monitor:Dev Entrance] 🔒 Cooldown set for 'JESWIN THOMAS' — same=30s, others=10s
2026-05-26 16:22:37  INFO      processor  [Monitor:Dev Entrance] Scene: 1 face(s) | Known: JESWIN THOMAS
2026-05-26 16:22:37  INFO      processor  [Monitor:Dev Entrance] Scene: 1 face(s) | Known: JESWIN THOMAS
2026-05-26 16:22:37  INFO      processor  [Monitor:Dev Entrance] Scene: 1 face(s) | Known: JESWIN THOMAS
2026-05-26 16:22:37  INFO      processor  [Monitor:Dev Entrance] Scene: 1 face(s) | Known: JESWIN THOMAS
2026-05-26 16:22:37  INFO      processor  [Monitor:Dev Entrance] Scene: 1 unknown face(s) detected.
2026-05-26 16:22:37  INFO      httpx  HTTP Request: GET http://emplog.grapesonline.net/Employee/GetEmployeeDetails?RfID=0014531078 "HTTP/1.1 200 OK"
2026-05-26 16:22:37  INFO      engine  [RF-Check] http://emplog.grapesonline.net/Employee/GetEmployeeDetails → 200 {"status":200,"Data":[{"EmpID":118,"EmployeeName":"JESWIN THOMAS","DoorStatus":"OUT","Checkinstatus":"RdytoChkIn","ExitT
2026-05-26 16:22:37  INFO      processor  [Monitor:Dev Entrance] ✅ ACCESS GRANTED: 'JESWIN THOMAS'
2026-05-26 16:22:37  INFO      httpx  HTTP Request: POST http://192.168.0.251:3596/api/User/SendTextToSpeaker?DeviceID=G-5889-6B1B-5AE0&Message=Good%20Afternoon%2C%20%2C%20%2C%20JESWIN%20THOMAS.%20A%20very%20warm%20welcome%20to%20you.%20Wishing%20you%20a%20productive%20and%20wonderful%20day.&VoiceOption=Microsoft%20Zira%20Desktop "HTTP/1.1 200 OK"
2026-05-26 16:22:37  INFO      engine  [Speaker-API] Sent: 'Good Afternoon, , , JESWIN THOMAS. A very warm welcome to you. Wishing you a productive and wonderful day.' (Device: G-5889-6B1B-5AE0) Status: 200
2026-05-26 16:22:37  INFO      engine  [Door-WS] Dev Entrance → WebSocket sent: OPEN_DOOR
2026-05-26 16:22:37  INFO      processor  [Monitor:Dev Entrance] Scene: 1 face(s) | Known: JESWIN THOMAS
2026-05-26 16:22:37  INFO      processor  [Monitor:Dev Entrance] Scene: 1 face(s) | Known: JESWIN THOMAS
2026-05-26 16:22:38  INFO      processor  [Monitor:Dev Entrance] Scene: 1 face(s) | Known: JESWIN THOMAS
2026-05-26 16:22:38  INFO      processor  [Monitor:Dev Entrance] Scene: 1 face(s) | Known: JESWIN THOMAS
2026-05-26 16:22:38  INFO      processor  [Monitor:Dev Entrance] Scene: 1 face(s) | Known: JESWIN THOMAS
2026-05-26 16:22:38  INFO      httpx  HTTP Request: POST http://emplog.grapesonline.net/Employee/LogEmployeeEntry?MacAddress=84:1F:E8:24:A0:5C&EmployeeID=118&Status=IN "HTTP/1.1 200 OK"
2026-05-26 16:22:38  INFO      engine  [Engine] ⚡ AUTO-OPTIMIZED identity for 'JESWIN THOMAS' (Face model refreshed).
2026-05-26 16:22:38  INFO      engine  [Engine] Fetching embeddings from database...
2026-05-26 16:22:38  INFO      database  [DB] Fetching all embeddings from SQL...
2026-05-26 16:22:38  INFO      database  [DB] SQL returned 25 rows.
2026-05-26 16:22:38  INFO      engine  [Engine] Fetched data for 25 employees.
2026-05-26 16:22:38  INFO      engine  [Engine] Building HNSW index with 65 vectors in background...
2026-05-26 16:22:38  INFO      engine  [Engine] Index ready (65 vectors).
2026-05-26 16:22:44  INFO      processor  [Monitor:Dev Exit] Scene: 1 unknown face(s) detected.
2026-05-26 16:22:46  INFO      database  [DB] FAISS index blob saved to SQL system_config.
2026-05-26 16:25:33  INFO      processor  [Monitor:Dev Entrance] Scene: 1 unknown face(s) detected.
2026-05-26 16:25:34  INFO      processor  [Monitor:Dev Entrance] Scene: 1 face(s) | Known: MANUPRASAD
2026-05-26 16:25:34  INFO      processor  [Monitor:Dev Entrance] Scene: 1 face(s) | Known: MANUPRASAD
2026-05-26 16:25:35  INFO      processor  [Monitor:Dev Entrance] Scene: 1 face(s) | Known: MANUPRASAD
2026-05-26 16:25:35  INFO      processor  [Monitor:Dev Entrance] Scene: 2 face(s) | Known: manu
2026-05-26 16:25:35  INFO      processor  [Monitor:Dev Entrance] Scene: 2 face(s) | Known: manu
2026-05-26 16:25:36  INFO      processor  [Monitor:Dev Entrance] Scene: 2 face(s) | Known: manu
2026-05-26 16:25:36  INFO      processor  [Monitor:Dev Entrance] 🔒 Cooldown set for 'manu' — same=30s, others=10s
2026-05-26 16:25:36  INFO      processor  [Monitor:Dev Entrance] Scene: 2 face(s) | Known: manu
2026-05-26 16:25:36  INFO      processor  [Monitor:Dev Entrance] Scene: 2 face(s) | Known: manu
2026-05-26 16:25:36  INFO      processor  [Monitor:Dev Entrance] Scene: 1 face(s) | Known: manu
2026-05-26 16:25:37  INFO      processor  [Monitor:Dev Entrance] Scene: 1 face(s) | Known: manu
2026-05-26 16:25:37  INFO      processor  [Monitor:Dev Entrance] Scene: 1 face(s) | Known: manu
2026-05-26 16:25:37  INFO      processor  [Monitor:Dev Entrance] Scene: 1 face(s) | Known: manu
2026-05-26 16:25:37  INFO      processor  [Monitor:Dev Entrance] Scene: 1 face(s) | Known: manu
2026-05-26 16:25:37  INFO      processor  [Monitor:Dev Entrance] Scene: 2 face(s) | Known: manu, abhay
2026-05-26 16:25:37  INFO      processor  [Monitor:Dev Entrance] Scene: 1 face(s) | Known: manu
2026-05-26 16:25:37  INFO      processor  [Monitor:Dev Entrance] Scene: 1 face(s) | Known: manu
2026-05-26 16:25:37  INFO      httpx  HTTP Request: GET http://emplog.grapesonline.net/Employee/GetEmployeeDetails?RfID=0004813043 "HTTP/1.1 200 OK"
2026-05-26 16:25:37  INFO      engine  [RF-Check] http://emplog.grapesonline.net/Employee/GetEmployeeDetails → 200 {"status":200,"Data":[{"EmpID":130,"EmployeeName":"MANU VARGHESE","DoorStatus":"OUT","Checkinstatus":"OUT","ExitType":"T
2026-05-26 16:25:37  INFO      processor  [Monitor:Dev Entrance] ✅ ACCESS GRANTED: 'manu'
2026-05-26 16:25:37  INFO      httpx  HTTP Request: POST http://192.168.0.251:3596/api/User/SendTextToSpeaker?DeviceID=G-5889-6B1B-5AE0&Message=Welcome%20back%20from%20your%20tea%20break%2C%20%2C%20%2C%20manu.%20Hope%20you%20are%20refreshed.&VoiceOption=Microsoft%20Zira%20Desktop "HTTP/1.1 200 OK"
2026-05-26 16:25:37  INFO      engine  [Speaker-API] Sent: 'Welcome back from your tea break, , , manu. Hope you are refreshed.' (Device: G-5889-6B1B-5AE0) Status: 200
2026-05-26 16:25:37  INFO      processor  [Monitor:Dev Entrance] Scene: 1 face(s) | Known: manu
2026-05-26 16:25:37  INFO      engine  [Door-WS] Dev Entrance → WebSocket sent: OPEN_DOOR
2026-05-26 16:25:37  INFO      processor  [Monitor:Dev Entrance] Scene: 2 face(s) | Known: manu
2026-05-26 16:25:38  INFO      processor  [Monitor:Dev Entrance] Scene: 2 face(s) | Known: manu, abhay
2026-05-26 16:25:38  INFO      processor  [Monitor:Dev Entrance] Scene: 2 face(s) | Known: manu, abhay
2026-05-26 16:25:38  INFO      processor  [Monitor:Dev Entrance] Scene: 2 face(s) | Known: manu, abhay
2026-05-26 16:25:38  INFO      processor  [Monitor:Dev Entrance] 🔒 Cooldown set for 'abhay' — same=30s, others=10s
2026-05-26 16:25:38  INFO      processor  [Monitor:Dev Entrance] Scene: 2 face(s) | Known: abhay
2026-05-26 16:25:38  INFO      processor  [Monitor:Dev Entrance] Scene: 2 face(s) | Known: abhay
2026-05-26 16:25:38  INFO      processor  [Monitor:Dev Entrance] Scene: 2 face(s) | Known: abhay
2026-05-26 16:25:38  INFO      httpx  HTTP Request: GET http://emplog.grapesonline.net/Employee/GetEmployeeDetails?RfID=0008941168 "HTTP/1.1 200 OK"
2026-05-26 16:25:38  INFO      engine  [RF-Check] http://emplog.grapesonline.net/Employee/GetEmployeeDetails → 200 {"status":200,"Data":[{"EmpID":20148,"EmployeeName":"ABHAY RAMESH","DoorStatus":"OUT","Checkinstatus":"OUT","ExitType":"
2026-05-26 16:25:38  INFO      processor  [Monitor:Dev Entrance] ✅ ACCESS GRANTED: 'abhay'
2026-05-26 16:25:38  INFO      httpx  HTTP Request: POST http://192.168.0.251:3596/api/User/SendTextToSpeaker?DeviceID=G-5889-6B1B-5AE0&Message=Welcome%20back%20from%20your%20tea%20break%2C%20%2C%20%2C%20abhay.%20Hope%20you%20are%20refreshed.&VoiceOption=Microsoft%20Zira%20Desktop "HTTP/1.1 200 OK"
2026-05-26 16:25:38  INFO      engine  [Speaker-API] Sent: 'Welcome back from your tea break, , , abhay. Hope you are refreshed.' (Device: G-5889-6B1B-5AE0) Status: 200
2026-05-26 16:25:38  INFO      engine  [Engine] Wake-on-LAN magic packet sent to B4:2E:99:5A:8C:A2 (3 times) via targets: ['255.255.255.255', '169.254.255.255', '192.168.1.255']
2026-05-26 16:25:38  INFO      engine  [Door-WS] Dev Entrance → WebSocket sent: OPEN_DOOR
2026-05-26 16:25:38  INFO      httpx  HTTP Request: POST http://emplog.grapesonline.net/Employee/LogEmployeeEntry?MacAddress=84:1F:E8:24:A0:5C&EmployeeID=130&Status=IN "HTTP/1.1 200 OK"
2026-05-26 16:25:38  INFO      processor  [Monitor:Dev Entrance] Scene: 2 face(s) | Known: abhay
2026-05-26 16:25:39  INFO      processor  [Monitor:Dev Entrance] Scene: 2 face(s) | Known: abhay
2026-05-26 16:25:39  INFO      processor  [Monitor:Dev Entrance] Scene: 2 face(s) | Known: abhay
2026-05-26 16:25:39  INFO      processor  [Monitor:Dev Entrance] Scene: 3 face(s) | Known: abhay
2026-05-26 16:25:39  INFO      httpx  HTTP Request: POST http://emplog.grapesonline.net/Employee/LogEmployeeEntry?MacAddress=84:1F:E8:24:A0:5C&EmployeeID=20148&Status=IN "HTTP/1.1 200 OK"
2026-05-26 16:25:39  INFO      processor  [Monitor:Dev Entrance] Scene: 3 face(s) | Known: abhay
2026-05-26 16:25:39  INFO      processor  [Monitor:Dev Entrance] Scene: 3 face(s) | Known: abhay
2026-05-26 16:25:39  INFO      engine  [Engine] Wake-on-LAN magic packet sent to 7C:57:58:3E:CE:2E (3 times) via targets: ['255.255.255.255', '169.254.255.255', '192.168.1.255']
2026-05-26 16:25:39  INFO      processor  [Monitor:Dev Entrance] Scene: 3 face(s) | Known: abhay
2026-05-26 16:25:39  INFO      processor  [Monitor:Dev Entrance] Scene: 1 face(s) | Known: abhay
2026-05-26 16:25:39  INFO      processor  [Monitor:Dev Entrance] Scene: 1 face(s) | Known: abhay
2026-05-26 16:25:39  INFO      processor  [Monitor:Dev Entrance] Scene: 2 face(s) | Known: abhay
2026-05-26 16:25:40  INFO      processor  [Monitor:Dev Entrance] Scene: 1 face(s) | Known: abhay
2026-05-26 16:25:40  INFO      processor  [Monitor:Dev Entrance] Scene: 1 face(s) | Known: abhay
2026-05-26 16:25:40  INFO      processor  [Monitor:Dev Entrance] Scene: 2 face(s) | Known: abhay
2026-05-26 16:25:40  INFO      processor  [Monitor:Dev Entrance] Scene: 2 face(s) | Known: abhay
2026-05-26 16:25:40  INFO      processor  [Monitor:Dev Entrance] Scene: 2 face(s) | Known: abhay
2026-05-26 16:25:40  INFO      processor  [Monitor:Dev Exit] Scene: 1 unknown face(s) detected.
2026-05-26 16:25:40  INFO      processor  [Monitor:Dev Entrance] Scene: 2 face(s) | Known: abhay, MANUPRASAD
2026-05-26 16:25:40  INFO      processor  [Monitor:Dev Entrance] Scene: 1 face(s) | Known: abhay
2026-05-26 16:25:40  INFO      processor  [Monitor:Dev Entrance] Scene: 1 face(s) | Known: abhay
2026-05-26 16:25:40  INFO      processor  [Monitor:Dev Entrance] Scene: 1 face(s) | Known: abhay
2026-05-26 16:25:40  INFO      processor  [Monitor:Dev Entrance] Scene: 1 face(s) | Known: abhay
2026-05-26 16:25:41  INFO      processor  [Monitor:Dev Entrance] Scene: 1 face(s) | Known: abhay
2026-05-26 16:25:41  INFO      processor  [Monitor:Dev Entrance] Scene: 1 face(s) | Known: abhay
2026-05-26 16:25:41  INFO      processor  [Monitor:Dev Entrance] Scene: 1 face(s) | Known: abhay
2026-05-26 16:25:41  INFO      processor  [Monitor:Dev Entrance] Scene: 1 face(s) | Known: abhay
2026-05-26 16:25:44  INFO      processor  [Monitor:Dev Entrance] Scene: 1 face(s) | Known: JAYAKRISHNA
2026-05-26 16:25:45  INFO      processor  [Monitor:Dev Entrance] Scene: 1 face(s) | Known: JAYAKRISHNA
2026-05-26 16:25:45  INFO      processor  [Monitor:Dev Entrance] Scene: 1 face(s) | Known: JAYAKRISHNA
2026-05-26 16:25:45  INFO      processor  [Monitor:Dev Entrance] 🔒 Cooldown set for 'JAYAKRISHNA' — same=30s, others=10s
2026-05-26 16:25:45  INFO      processor  [Monitor:Dev Entrance] Scene: 1 face(s) | Known: JAYAKRISHNA
2026-05-26 16:25:45  INFO      processor  [Monitor:Dev Entrance] Scene: 1 face(s) | Known: JAYAKRISHNA
2026-05-26 16:25:45  INFO      httpx  HTTP Request: GET http://emplog.grapesonline.net/Employee/GetEmployeeDetails?RfID=0007194544 "HTTP/1.1 200 OK"
2026-05-26 16:25:45  INFO      engine  [RF-Check] http://emplog.grapesonline.net/Employee/GetEmployeeDetails → 200 {"status":200,"Data":[{"EmpID":20194,"EmployeeName":"SREE JAYAKRISHNA","DoorStatus":"OUT","Checkinstatus":"RdytoChkIn","
2026-05-26 16:25:45  INFO      processor  [Monitor:Dev Entrance] ✅ ACCESS GRANTED: 'JAYAKRISHNA'
2026-05-26 16:25:45  INFO      httpx  HTTP Request: POST http://192.168.0.251:3596/api/User/SendTextToSpeaker?DeviceID=G-5889-6B1B-5AE0&Message=Good%20to%20see%20you%2C%20%2C%20%2C%20JAYAKRISHNA.%20We%20hope%20you%20have%20a%20successful%20and%20pleasant%20day%20today.&VoiceOption=Microsoft%20Zira%20Desktop "HTTP/1.1 200 OK"
2026-05-26 16:25:45  INFO      engine  [Speaker-API] Sent: 'Good to see you, , , JAYAKRISHNA. We hope you have a successful and pleasant day today.' (Device: G-5889-6B1B-5AE0) Status: 200
2026-05-26 16:25:45  INFO      engine  [Door-WS] Dev Entrance → WebSocket sent: OPEN_DOOR
2026-05-26 16:25:46  INFO      httpx  HTTP Request: POST http://emplog.grapesonline.net/Employee/LogEmployeeEntry?MacAddress=84:1F:E8:24:A0:5C&EmployeeID=20194&Status=IN "HTTP/1.1 200 OK"
2026-05-26 16:25:46  INFO      processor  [Monitor:Dev Exit] Scene: 1 face(s) | Known: MANUPRASAD
2026-05-26 16:26:13  INFO      processor  [Monitor:Dev Exit] Scene: 1 unknown face(s) detected.
2026-05-26 16:27:17  INFO      processor  [Monitor:Dev Exit] Scene: 1 unknown face(s) detected.
2026-05-26 16:27:37  INFO      processor  [Monitor:Dev Entrance] Scene: 1 unknown face(s) detected.
2026-05-26 16:27:47  INFO      processor  [Monitor:Dev Exit] Scene: 1 unknown face(s) detected.
2026-05-26 16:28:18  INFO      processor  [Monitor:Dev Exit] Scene: 1 unknown face(s) detected.
2026-05-26 16:28:20  INFO      processor  [Monitor:Dev Exit] Scene: 1 face(s) | Known: manu
2026-05-26 16:28:20  INFO      processor  [Monitor:Dev Exit] Scene: 1 face(s) | Known: manu
2026-05-26 16:28:20  INFO      processor  [Monitor:Dev Exit] Scene: 1 face(s) | Known: manu
2026-05-26 16:28:20  INFO      processor  [Monitor:Dev Exit] 🔒 Cooldown set for 'manu' — same=30s, others=10s
2026-05-26 16:28:20  INFO      processor  [Monitor:Dev Exit] Scene: 1 face(s) | Known: manu
2026-05-26 16:28:20  INFO      processor  [Monitor:Dev Exit] Scene: 1 face(s) | Known: manu
2026-05-26 16:28:20  INFO      processor  [Monitor:Dev Exit] Scene: 1 face(s) | Known: manu
2026-05-26 16:28:21  INFO      processor  [Monitor:Dev Exit] Scene: 1 face(s) | Known: manu
2026-05-26 16:28:21  INFO      processor  [Monitor:Dev Exit] Scene: 1 face(s) | Known: manu
2026-05-26 16:28:21  INFO      processor  [Monitor:Dev Exit] Scene: 1 face(s) | Known: manu
2026-05-26 16:28:21  INFO      processor  [Monitor:Dev Exit] Scene: 1 face(s) | Known: manu
2026-05-26 16:28:21  INFO      processor  [Monitor:Dev Exit] Scene: 1 face(s) | Known: manu
2026-05-26 16:28:21  INFO      processor  [Monitor:Dev Exit] Scene: 1 face(s) | Known: manu
2026-05-26 16:28:21  INFO      processor  [Monitor:Dev Exit] Scene: 1 face(s) | Known: manu
2026-05-26 16:28:21  INFO      processor  [Monitor:Dev Exit] Scene: 1 face(s) | Known: manu
2026-05-26 16:28:21  INFO      processor  [Monitor:Dev Exit] Scene: 1 face(s) | Known: manu
2026-05-26 16:28:22  INFO      processor  [Monitor:Dev Exit] Scene: 1 face(s) | Known: manu
2026-05-26 16:28:22  INFO      processor  [Monitor:Dev Exit] Scene: 1 face(s) | Known: manu
2026-05-26 16:28:22  INFO      processor  [Monitor:Dev Exit] Scene: 1 face(s) | Known: manu
2026-05-26 16:28:22  INFO      httpx  HTTP Request: GET http://emplog.grapesonline.net/Employee/GetEmployeeDetails?RfID=0004813043 "HTTP/1.1 200 OK"
2026-05-26 16:28:22  INFO      engine  [RF-Check] http://emplog.grapesonline.net/Employee/GetEmployeeDetails → 200 {"status":200,"Data":[{"EmpID":130,"EmployeeName":"MANU VARGHESE","DoorStatus":"IN","Checkinstatus":"IN","ExitType":null
2026-05-26 16:28:22  INFO      engine  [RF-Check] Bypassing status 'IN' (Camera: Dev Exit, Dept: embeded)
2026-05-26 16:28:22  INFO      processor  [Monitor:Dev Exit] ✅ ACCESS GRANTED: 'manu'
2026-05-26 16:28:22  INFO      processor  [Monitor:Dev Exit] Scene: 1 face(s) | Known: manu
2026-05-26 16:28:22  INFO      httpx  HTTP Request: POST http://192.168.0.251:3596/api/User/SendTextToSpeaker?DeviceID=G-5889-6B1B-5AE0&Message=Goodbye%2C%20%2C%20%2C%20manu.%20Have%20a%20safe%20journey%20home%20and%20see%20you%20again%20soon.&VoiceOption=Microsoft%20Zira%20Desktop "HTTP/1.1 200 OK"
2026-05-26 16:28:22  INFO      engine  [Speaker-API] Sent: 'Goodbye, , , manu. Have a safe journey home and see you again soon.' (Device: G-5889-6B1B-5AE0) Status: 200
2026-05-26 16:28:22  INFO      processor  [Monitor:Dev Exit] Scene: 1 face(s) | Known: manu
2026-05-26 16:28:22  INFO      engine  [Door-WS] Dev Exit → WebSocket sent: OPEN_DOOR
2026-05-26 16:28:22  INFO      processor  [Monitor:Dev Exit] Scene: 1 face(s) | Known: manu
2026-05-26 16:28:22  INFO      processor  [Monitor:Dev Exit] Scene: 1 face(s) | Known: manu
2026-05-26 16:28:22  INFO      processor  [Monitor:Dev Exit] Scene: 1 face(s) | Known: manu
2026-05-26 16:28:22  INFO      engine  [Engine] Lock signal sent to 192.168.1.108
2026-05-26 16:28:22  INFO      processor  [Monitor:Dev Exit] Scene: 1 face(s) | Known: manu
2026-05-26 16:28:23  INFO      processor  [Monitor:Dev Exit] Scene: 1 face(s) | Known: manu
2026-05-26 16:28:23  INFO      httpx  HTTP Request: POST http://emplog.grapesonline.net/Employee/LogEmployeeEntry?MacAddress=84:1F:E8:24:A0:5C&EmployeeID=130&Status=OUT "HTTP/1.1 200 OK"
2026-05-26 16:28:23  INFO      processor  [Monitor:Dev Exit] Scene: 1 face(s) | Known: manu
2026-05-26 16:28:23  INFO      processor  [Monitor:Dev Exit] Scene: 1 face(s) | Known: manu
2026-05-26 16:28:23  INFO      processor  [Monitor:Dev Exit] Scene: 1 face(s) | Known: manu
2026-05-26 16:28:23  INFO      processor  [Monitor:Dev Exit] Scene: 1 face(s) | Known: manu
2026-05-26 16:28:23  INFO      processor  [Monitor:Dev Exit] Scene: 1 face(s) | Known: manu
2026-05-26 16:28:23  INFO      processor  [Monitor:Dev Exit] Scene: 1 face(s) | Known: manu
2026-05-26 16:34:36  INFO      processor  [Monitor:Dev Exit] Scene: 1 unknown face(s) detected.
2026-05-26 16:36:08  INFO      main  ============================================================
2026-05-26 16:36:08  INFO      main    FastAPI Door Access System — starting up ...
2026-05-26 16:36:08  INFO      main  ============================================================
2026-05-26 16:36:08  INFO      database  [DB] Schema initialised.
2026-05-26 16:36:08  INFO      main  [System] Running network diagnostics for cameras...
2026-05-26 16:36:08  INFO      main  [Diag:Dev Exit] ✅ Camera network reachable (Port 554)
2026-05-26 16:36:08  INFO      main  [Diag:Dev Entrance] ✅ Camera network reachable (Port 554)
2026-05-26 16:36:08  INFO      main  [Diag:Kinfra Exit] ✅ Camera network reachable (Port 554)
2026-05-26 16:36:08  INFO      main  [Diag:Kinfra Entrance] ✅ Camera network reachable (Port 554)
2026-05-26 16:36:08  INFO      database  [DB] Fetching all embeddings from SQL...
2026-05-26 16:36:08  INFO      database  [DB] SQL returned 25 rows.
2026-05-26 16:36:08  INFO      processor  [Processor] Camera 'Kinfra Exit' DISABLED — skipping.
2026-05-26 16:36:08  INFO      processor  [Processor] Camera 'Kinfra Entrance' DISABLED — skipping.
2026-05-26 16:36:08  INFO      processor  [Processor] Initialised 2 active camera(s).
2026-05-26 16:36:08  INFO      main    Startup complete. API ready on http://0.0.0.0:8000
2026-05-26 16:36:08  INFO      processor  [Monitor:Dev Exit] Vision pipeline starting.
2026-05-26 16:36:08  INFO      processor  [RTSP:Dev Exit] Connecting... (retry delay=2.0s)
2026-05-26 16:36:08  INFO      processor  [RTSP:Dev Exit] Capture thread started (target=10 FPS).
2026-05-26 16:36:08  INFO      processor  [Monitor:Dev Entrance] Vision pipeline starting.
2026-05-26 16:36:08  INFO      processor  [RTSP:Dev Entrance] Connecting... (retry delay=2.0s)
2026-05-26 16:36:08  INFO      processor  [RTSP:Dev Entrance] Capture thread started (target=10 FPS).
2026-05-26 16:36:09  INFO      database  [DB] Purged audit records older than 7 days.
2026-05-26 16:36:10  INFO      processor  [RTSP:Dev Exit] Connected successfully.
2026-05-26 16:36:10  INFO      engine  [Engine] Loading Unified FaceAnalysis (640x640) on GPU (Accelerated)...
2026-05-26 16:36:10  INFO      engine  [Engine] Unified Engine Ready.
2026-05-26 16:36:11  INFO      processor  [RTSP:Dev Entrance] Connected successfully.
2026-05-26 16:36:34  INFO      main  [PC-Action] Triggering 'lock' for manu (MAC: B4:2E:99:5A:8C:A2, IP: 192.168.1.108)
2026-05-26 16:36:34  INFO      engine  [Engine] Lock signal sent to 192.168.1.108
2026-05-26 16:36:42  INFO      main  [PC-Action] Triggering 'lock' for manu (MAC: B4:2E:99:5A:8C:A2, IP: 192.168.1.108)
2026-05-26 16:36:42  INFO      engine  [Engine] Lock signal sent to 192.168.1.108
2026-05-26 16:36:45  INFO      main  [PC-Action] Triggering 'shutdown' for manu (MAC: B4:2E:99:5A:8C:A2, IP: 192.168.1.108)
2026-05-26 16:36:45  INFO      engine  [Engine] Shutdown signal sent to 192.168.1.108
2026-05-26 16:37:02  INFO      main  [PC-Action] Triggering 'lock' for GIGO (MAC: A4:AE:12:F9:9A:5B, IP: 192.168.1.133)
2026-05-26 16:37:02  INFO      engine  [Engine] Lock signal sent to 192.168.1.133
2026-05-26 16:37:08  INFO      database  [DB] Starting periodic maintenance...
2026-05-26 16:37:09  INFO      database  [DB] Purged audit records older than 7 days.
2026-05-26 16:37:09  INFO      database  [DB] Maintenance complete. Access logs older than 2 days purged.
2026-05-26 16:38:03  INFO      processor  [Monitor:Dev Exit] Scene: 1 unknown face(s) detected.
2026-05-26 16:38:09  INFO      processor  [Monitor:Dev Entrance] Scene: 1 unknown face(s) detected.
2026-05-26 16:39:04  INFO      main  [PC-Action] Triggering 'lock' for manu (MAC: B4:2E:99:5A:8C:A2, IP: 192.168.1.108)
2026-05-26 16:39:04  INFO      engine  [Engine] Lock signal sent to 192.168.1.108
2026-05-26 16:39:17  INFO      main  [PC-Action] Triggering 'start' for THEJAS C S (MAC: 00:E0:1F:48:70:4C, IP: 192.168.1.49)
2026-05-26 16:39:17  INFO      engine  [Engine] Wake-on-LAN magic packet sent to 00:E0:1F:48:70:4C (3 times) via targets: ['255.255.255.255', '169.254.255.255', '192.168.1.255']
2026-05-26 16:39:42  INFO      main  [PC-Action] Triggering 'lock' for THEJAS C S (MAC: 00:E0:1F:48:70:4C, IP: 192.168.1.49)
2026-05-26 16:39:42  INFO      engine  [Engine] Lock signal sent to 192.168.1.49
2026-05-26 16:39:48  INFO      main  [PC-Action] Triggering 'lock' for THEJAS C S (MAC: 00:E0:1F:48:70:4C, IP: 192.168.1.49)
2026-05-26 16:39:48  INFO      engine  [Engine] Lock signal sent to 192.168.1.49
2026-05-26 16:39:50  INFO      main  [PC-Action] Triggering 'shutdown' for THEJAS C S (MAC: 00:E0:1F:48:70:4C, IP: 192.168.1.49)
2026-05-26 16:39:50  INFO      engine  [Engine] Shutdown signal sent to 192.168.1.49
2026-05-26 16:39:51  INFO      main  [PC-Action] Triggering 'start' for THEJAS C S (MAC: 00:E0:1F:48:70:4C, IP: 192.168.1.49)
2026-05-26 16:39:51  INFO      engine  [Engine] Wake-on-LAN magic packet sent to 00:E0:1F:48:70:4C (3 times) via targets: ['255.255.255.255', '169.254.255.255', '192.168.1.255']
2026-05-26 16:39:53  INFO      main  [PC-Action] Triggering 'lock' for THEJAS C S (MAC: 00:E0:1F:48:70:4C, IP: 192.168.1.49)
2026-05-26 16:39:53  INFO      engine  [Engine] Lock signal sent to 192.168.1.49
2026-05-26 16:39:53  INFO      main  [PC-Action] Triggering 'lock' for THEJAS C S (MAC: 00:E0:1F:48:70:4C, IP: 192.168.1.49)
2026-05-26 16:39:53  INFO      engine  [Engine] Lock signal sent to 192.168.1.49
2026-05-26 16:39:54  INFO      main  [PC-Action] Triggering 'lock' for THEJAS C S (MAC: 00:E0:1F:48:70:4C, IP: 192.168.1.49)
2026-05-26 16:39:54  INFO      engine  [Engine] Lock signal sent to 192.168.1.49
2026-05-26 16:39:54  INFO      main  [PC-Action] Triggering 'lock' for THEJAS C S (MAC: 00:E0:1F:48:70:4C, IP: 192.168.1.49)
2026-05-26 16:39:54  INFO      engine  [Engine] Lock signal sent to 192.168.1.49
2026-05-26 16:39:54  INFO      main  [PC-Action] Triggering 'lock' for THEJAS C S (MAC: 00:E0:1F:48:70:4C, IP: 192.168.1.49)
2026-05-26 16:39:54  INFO      engine  [Engine] Lock signal sent to 192.168.1.49
2026-05-26 16:39:58  INFO      main  [PC-Action] Triggering 'lock' for THEJAS C S (MAC: 00:E0:1F:48:70:4C, IP: 192.168.1.49)
2026-05-26 16:39:58  INFO      engine  [Engine] Lock signal sent to 192.168.1.49
2026-05-26 16:39:59  INFO      main  [PC-Action] Triggering 'start' for THEJAS C S (MAC: 00:E0:1F:48:70:4C, IP: 192.168.1.49)
2026-05-26 16:39:59  INFO      engine  [Engine] Wake-on-LAN magic packet sent to 00:E0:1F:48:70:4C (3 times) via targets: ['255.255.255.255', '169.254.255.255', '192.168.1.255']
2026-05-26 16:40:32  INFO      main  [PC-Action] Triggering 'start' for THEJAS C S (MAC: 00:E0:1F:48:70:4C, IP: 192.168.1.49)
2026-05-26 16:40:33  INFO      engine  [Engine] Wake-on-LAN magic packet sent to 00:E0:1F:48:70:4C (3 times) via targets: ['255.255.255.255', '169.254.255.255', '192.168.1.255']
2026-05-26 16:40:39  INFO      processor  [Monitor:Dev Exit] Scene: 1 unknown face(s) detected.
2026-05-26 16:40:52  INFO      processor  [Monitor:Dev Entrance] Scene: 1 unknown face(s) detected.
2026-05-26 16:42:01  INFO      processor  [Monitor:Dev Exit] Scene: 1 unknown face(s) detected.
2026-05-26 16:42:49  INFO      main  [PC-Action] Triggering 'lock' for THEJAS C S (MAC: 00:E0:1F:48:70:4C, IP: 192.168.1.49)
2026-05-26 16:42:49  INFO      engine  [Engine] Lock signal sent to 192.168.1.49
2026-05-26 16:43:32  INFO      main  [PC-Action] Triggering 'lock' for THEJAS C S (MAC: 00:E0:1F:48:70:4C, IP: 192.168.1.49)
2026-05-26 16:43:32  INFO      engine  [Engine] Lock signal sent to 192.168.1.49
2026-05-26 16:43:34  INFO      main  [PC-Action] Triggering 'shutdown' for THEJAS C S (MAC: 00:E0:1F:48:70:4C, IP: 192.168.1.49)
2026-05-26 16:43:34  INFO      engine  [Engine] Shutdown signal sent to 192.168.1.49
2026-05-26 16:43:39  INFO      processor  [Monitor:Dev Exit] Scene: 1 unknown face(s) detected.
2026-05-26 16:43:41  INFO      processor  [Monitor:Dev Exit] Scene: 1 face(s) | Known: MANUPRASAD
2026-05-26 16:43:56  INFO      processor  [Monitor:Dev Entrance] Scene: 1 unknown face(s) detected.
2026-05-26 16:44:23  INFO      main  [PC-Action] Triggering 'start' for THEJAS C S (MAC: 00:E0:1F:48:70:4C, IP: 192.168.1.49)
2026-05-26 16:44:23  INFO      engine  [Engine] Wake-on-LAN magic packet sent to 00:E0:1F:48:70:4C (3 times) via targets: ['255.255.255.255', '169.254.255.255', '192.168.1.255']
2026-05-26 16:45:53  INFO      processor  [Monitor:Dev Entrance] Scene: 1 unknown face(s) detected.
2026-05-26 16:46:00  INFO      processor  [Monitor:Dev Exit] Scene: 1 unknown face(s) detected.
2026-05-26 16:47:15  INFO      processor  [Monitor:Dev Exit] Scene: 1 unknown face(s) detected.
2026-05-26 16:47:24  INFO      processor  [Monitor:Dev Entrance] Scene: 1 unknown face(s) detected.
2026-05-26 16:52:38  INFO      processor  [Monitor:Dev Entrance] Scene: 1 unknown face(s) detected.
2026-05-26 16:52:39  INFO      processor  [Monitor:Dev Entrance] Scene: 1 face(s) | Known: Jerald Nepoleon
2026-05-26 16:52:39  INFO      processor  [Monitor:Dev Entrance] Scene: 1 face(s) | Known: Jerald Nepoleon
2026-05-26 16:52:39  INFO      processor  [Monitor:Dev Entrance] Scene: 1 face(s) | Known: Jerald Nepoleon
2026-05-26 16:52:39  INFO      processor  [Monitor:Dev Entrance] 🔒 Cooldown set for 'Jerald Nepoleon' — same=30s, others=10s
2026-05-26 16:52:39  INFO      processor  [Monitor:Dev Entrance] ✅ ACCESS GRANTED: 'Jerald Nepoleon'
2026-05-26 16:52:40  INFO      processor  [Monitor:Dev Entrance] Scene: 1 face(s) | Known: Jerald Nepoleon
2026-05-26 16:52:40  INFO      processor  [Monitor:Dev Entrance] Scene: 1 face(s) | Known: Jerald Nepoleon
2026-05-26 16:52:40  INFO      engine  [Door-WS] Dev Entrance → WebSocket sent: OPEN_DOOR
2026-05-26 16:52:40  INFO      processor  [Monitor:Dev Entrance] Scene: 1 face(s) | Known: Jerald Nepoleon
2026-05-26 16:52:40  INFO      processor  [Monitor:Dev Entrance] Scene: 1 face(s) | Known: Jerald Nepoleon
2026-05-26 16:52:41  INFO      processor  [Monitor:Dev Entrance] Scene: 1 face(s) | Known: Jerald Nepoleon
2026-05-26 16:52:41  INFO      processor  [Monitor:Dev Entrance] Scene: 1 face(s) | Known: Jerald Nepoleon
2026-05-26 16:52:41  INFO      httpx  HTTP Request: POST http://192.168.0.251:3596/api/User/SendTextToSpeaker?DeviceID=G-5889-6B1B-5AE0&Message=Good%20to%20see%20you%2C%20%2C%20%2C%20Jerald%20Nepoleon.%20We%20hope%20you%20have%20a%20successful%20and%20pleasant%20day%20today.&VoiceOption=Microsoft%20Zira%20Desktop "HTTP/1.1 200 OK"
2026-05-26 16:52:41  INFO      engine  [Speaker-API] Sent: 'Good to see you, , , Jerald Nepoleon. We hope you have a successful and pleasant day today.' (Device: G-5889-6B1B-5AE0) Status: 200
2026-05-26 16:52:41  INFO      processor  [Monitor:Dev Entrance] Scene: 1 face(s) | Known: Jerald Nepoleon
2026-05-26 16:52:41  INFO      processor  [Monitor:Dev Entrance] Scene: 1 face(s) | Known: Jerald Nepoleon
2026-05-26 16:52:41  INFO      processor  [Monitor:Dev Entrance] Scene: 1 face(s) | Known: Jerald Nepoleon
2026-05-26 16:52:41  INFO      engine  [Engine] ⚡ AUTO-OPTIMIZED identity for 'Jerald Nepoleon' (Face model refreshed).
2026-05-26 16:52:41  INFO      engine  [Engine] Fetching embeddings from database...
2026-05-26 16:52:41  INFO      database  [DB] Fetching all embeddings from SQL...
2026-05-26 16:52:41  INFO      processor  [Monitor:Dev Entrance] Scene: 1 face(s) | Known: Jerald Nepoleon
2026-05-26 16:52:41  INFO      processor  [Monitor:Dev Entrance] Scene: 1 face(s) | Known: Jerald Nepoleon
2026-05-26 16:52:41  INFO      processor  [Monitor:Dev Entrance] Scene: 1 face(s) | Known: Jerald Nepoleon
2026-05-26 16:52:41  INFO      database  [DB] SQL returned 25 rows.
2026-05-26 16:52:41  INFO      engine  [Engine] Fetched data for 25 employees.
2026-05-26 16:52:41  INFO      engine  [Engine] Building HNSW index with 65 vectors in background...
2026-05-26 16:52:41  INFO      engine  [Engine] Index ready (65 vectors).
2026-05-26 16:52:47  INFO      processor  [Monitor:Dev Exit] Scene: 1 unknown face(s) detected.
2026-05-26 16:52:50  INFO      database  [DB] FAISS index blob saved to SQL system_config.
2026-05-26 16:53:51  INFO      processor  [Monitor:Dev Exit] Scene: 1 unknown face(s) detected.
2026-05-26 16:54:41  INFO      processor  [Monitor:Dev Entrance] Scene: 1 unknown face(s) detected.
2026-05-26 16:54:41  INFO      processor  [Monitor:Dev Entrance] Scene: 1 face(s) | Known: SACHIN E L
2026-05-26 16:54:41  INFO      processor  [Monitor:Dev Entrance] Scene: 1 face(s) | Known: SACHIN E L
2026-05-26 16:54:41  INFO      processor  [Monitor:Dev Entrance] Scene: 1 face(s) | Known: SACHIN E L
2026-05-26 16:54:41  INFO      processor  [Monitor:Dev Entrance] 🔒 Cooldown set for 'SACHIN E L' — same=30s, others=10s
2026-05-26 16:54:43  INFO      httpx  HTTP Request: GET http://emplog.grapesonline.net/Employee/GetEmployeeDetails?RfID=0000662747 "HTTP/1.1 200 OK"
2026-05-26 16:54:43  INFO      engine  [RF-Check] http://emplog.grapesonline.net/Employee/GetEmployeeDetails → 200 {"status":200,"Data":[{"EmpID":3,"EmployeeName":"SACHIN E L","DoorStatus":"IN","Checkinstatus":"RdytoChkIn","ExitType":n
2026-05-26 16:54:43  INFO      processor  [Monitor:Dev Entrance] ✅ ACCESS GRANTED: 'SACHIN E L'
2026-05-26 16:54:43  INFO      httpx  HTTP Request: POST http://192.168.0.251:3596/api/User/SendTextToSpeaker?DeviceID=G-5889-6B1B-5AE0&Message=Good%20to%20see%20you%2C%20%2C%20%2C%20SACHIN%20E%20L.%20We%20hope%20you%20have%20a%20successful%20and%20pleasant%20day%20today.&VoiceOption=Microsoft%20Zira%20Desktop "HTTP/1.1 200 OK"
2026-05-26 16:54:43  INFO      engine  [Speaker-API] Sent: 'Good to see you, , , SACHIN E L. We hope you have a successful and pleasant day today.' (Device: G-5889-6B1B-5AE0) Status: 200
2026-05-26 16:54:43  INFO      engine  [Door-WS] Dev Entrance → WebSocket sent: OPEN_DOOR
2026-05-26 16:54:44  INFO      httpx  HTTP Request: POST http://emplog.grapesonline.net/Employee/LogEmployeeEntry?MacAddress=84:1F:E8:24:A0:5C&EmployeeID=3&Status=IN "HTTP/1.1 200 OK"
2026-05-26 16:54:45  INFO      processor  [Monitor:Dev Exit] Scene: 1 unknown face(s) detected.
